Date,0
2007-05-30,99990.37698412698
2007-05-31,100253.88594606557
2007-06-01,100498.89775584833
2007-06-04,100700.15972588038
2007-06-05,100489.49138821557
2007-06-06,99564.38764279986
2007-06-07,97996.45982518423
2007-06-08,98912.71772110216
2007-06-11,98941.18229897952
2007-06-12,98130.75553466158
2007-06-13,99309.24123000605
2007-06-14,99869.03094447327
2007-06-15,100591.22406288299
2007-06-18,100544.97467071132
2007-06-19,100673.96318740786
2007-06-20,99549.03520153573
2007-06-21,100197.19526591914
2007-06-22,99423.84110227863
2007-06-25,99040.16844166478
2007-06-26,98303.8150178166
2007-06-27,99547.79064326726
2007-06-28,99543.18509174963
2007-06-29,99681.38729034743
2007-07-02,100437.43033105363
2007-07-03,100850.12847843778
2007-07-05,101177.0497908377
2007-07-06,101560.23103474319
2007-07-09,101609.35171112309
2007-07-10,100673.042923103
2007-07-11,101255.56042464297
2007-07-12,102582.92338300614
2007-07-13,103035.88782058567
2007-07-16,102968.79458837294
2007-07-17,103341.07185237731
2007-07-18,103204.61355216448
2007-07-19,103488.3509908488
2007-07-20,102838.98407159757
2007-07-23,102957.08472438465
2007-07-24,101564.1531531859
2007-07-25,101698.59035575477
2007-07-26,100429.08649704854
2007-07-27,98712.86207962934
2007-07-30,99815.86360778485
2007-07-31,98421.00531892439
2007-08-01,98958.05612027197
2007-08-02,99700.22598646485
2007-08-03,97897.32681223557
2007-08-06,98933.02123020955
2007-08-07,99653.07960456992
2007-08-08,100611.39232979175
2007-08-09,98308.55542301487
2007-08-10,97763.85652832982
2007-08-13,98191.36276811166
2007-08-14,96855.91877961857
2007-08-15,95450.1398313984
2007-08-16,95119.3636660763
2007-08-17,96614.81744239507
2007-08-20,96845.92173445107
2007-08-21,97443.52517558973
2007-08-22,98519.46585047289
2007-08-23,98364.50500043752
2007-08-24,99587.007193304
2007-08-27,98949.98540606898
2007-08-28,96951.9731067853
2007-08-29,99049.46693561174
2007-08-30,99246.91001284988
2007-08-31,100186.48733364294
2007-09-04,101469.20876125012
2007-09-05,100697.34967643529
2007-09-06,100780.38941972429
2007-09-07,99474.09334226504
2007-09-10,99447.97450689954
2007-09-11,100662.71616278557
2007-09-12,100749.96837289166
2007-09-13,101136.32984691563
2007-09-14,101175.19018028109
2007-09-17,100677.95979056595
2007-09-18,102977.39559230694
2007-09-19,103261.76947695602
2007-09-20,102861.00317914691
2007-09-21,103369.15700866956
2007-09-24,103542.76586263429
2007-09-25,103919.2775342142
2007-09-26,104349.43705176776
2007-09-27,104987.38003107955
2007-09-28,104727.02492231385
2007-10-01,105731.27400467415
2007-10-02,105682.56597094556
2007-10-03,105227.02208806154
2007-10-04,105397.39444530352
2007-10-05,106903.24540334033
2007-10-08,107040.04219167738
2007-10-09,107608.72912760191
2007-10-10,107671.21620547559
2007-10-11,106612.83649680146
2007-10-12,107701.40052202353
2007-10-15,106961.14060538115
2007-10-16,106405.54700407981
2007-10-17,107203.8223871656
2007-10-18,107296.03649916628
2007-10-19,104968.03740666407
2007-10-22,105808.52485258813
2007-10-23,107218.56276099409
2007-10-24,106727.19280665781
2007-10-25,106074.29614592306
2007-10-26,107384.2673892363
2007-10-29,107718.5545026064
2007-10-30,107565.55056280359
2007-10-31,108818.73179848536
2007-11-01,106909.07304675107
2007-11-02,107555.33023927142
2007-11-05,106893.59796884506
2007-11-06,108136.45402354699
2007-11-07,105813.93389408564
2007-11-08,103961.3904970413
2007-11-09,101742.23640433399
2007-11-12,99824.74011017935
2007-11-13,102911.65600918788
2007-11-14,102277.12003512743
2007-11-15,101382.38841680255
2007-11-16,101914.25984822649
2007-11-19,100850.70901268198
2007-11-20,101443.56202724414
2007-11-21,100141.37101887749
2007-11-23,101433.55800518759
2007-11-26,99847.89898788414
2007-11-27,101108.34786645004
2007-11-28,103663.20123183604
2007-11-29,103884.801912485
2007-11-30,103692.54649313018
2007-12-03,103131.47262065676
2007-12-04,102674.43617823611
2007-12-05,104080.56051391823
2007-12-06,105467.496556151
2007-12-07,105361.20055696141
2007-12-10,105894.61982582466
2007-12-11,103688.65026682179
2007-12-12,104741.90733399297
2007-12-13,104156.8902525833
2007-12-14,103114.15429596748
2007-12-17,101311.82315500929
2007-12-18,101705.24915872468
2007-12-19,101787.66831598662
2007-12-20,102994.81513416152
2007-12-21,104641.60990068367
2007-12-24,105321.07972184835
2007-12-26,105778.1200487216
2007-12-27,104717.57803882327
2007-12-28,104668.53032016869
2007-12-31,103771.18775738019
2008-01-02,102956.3545985475
2008-01-03,103234.72707381238
2008-01-04,99980.97816007478
2008-01-07,99620.95398965062
2008-01-08,97923.04511286296
2008-01-09,99285.4483646112
2008-01-10,99612.34990030498
2008-01-11,98428.13130217468
2008-01-14,99686.13797209515
2008-01-15,97401.90579708015
2008-01-16,96444.01875510777
2008-01-17,94866.89128760678
2008-01-18,94524.23684510424
2008-01-22,93011.79682431798
2008-01-23,93472.86932894232
2008-01-24,94882.77523266333
2008-01-25,93576.8127126802
2008-01-28,94553.08706315426
2008-01-29,94768.83160062955
2008-01-30,94472.16179693217
2008-01-31,95885.56360341453
2008-02-01,96717.29449690497
2008-02-04,95628.71607409033
2008-02-05,93270.1745025281
2008-02-06,92122.03080770535
2008-02-07,92709.78096714399
2008-02-08,93259.60802659586
2008-02-11,93982.00405005876
2008-02-12,93766.81374945783
2008-02-13,95145.42437617488
2008-02-14,94030.76761536
2008-02-15,93817.48116814067
2008-02-19,94071.02371729849
2008-02-20,94520.08481617011
2008-02-21,93780.42993837463
2008-02-22,94177.96420078559
2008-02-25,94794.46619985542
2008-02-26,95355.93831702987
2008-02-27,95609.41596516508
2008-02-28,95253.09250611288
2008-02-29,93219.59965042942
2008-03-03,92937.87616287066
2008-03-04,92918.38184758525
2008-03-05,93541.27238056398
2008-03-06,91792.15012230845
2008-03-07,91293.48422713796
2008-03-10,90079.97367929932
2008-03-11,92975.79187350196
2008-03-12,92672.7327897118
2008-03-13,93153.59489589205
2008-03-14,91834.52867665618
2008-03-17,90526.03011182431
2008-03-18,93804.71748596594
2008-03-19,91487.90324600138
2008-03-20,92679.84592297392
2008-03-24,94990.0596872409
2008-03-25,95473.75817155855
2008-03-26,95088.78925806943
2008-03-27,93912.73099520635
2008-03-28,93190.40279658159
2008-03-31,93354.70664721486
2008-04-01,96278.16514223226
2008-04-02,96467.29446370137
2008-04-03,96698.23415810765
2008-04-04,97038.70949739982
2008-04-07,97040.72554765549
2008-04-08,96593.01800766638
2008-04-09,96003.6111899325
2008-04-10,96684.74701162934
2008-04-11,94642.42218407727
2008-04-14,94320.13603822743
2008-04-15,94511.89721530525
2008-04-16,96803.8756388902
2008-04-17,96676.72670418417
2008-04-18,98497.79434483826
2008-04-21,98850.26881307611
2008-04-22,97985.01748524135
2008-04-23,98365.75953440488
2008-04-24,98745.0641974039
2008-04-25,99016.235381018
2008-04-28,99152.67599763066
2008-04-29,99173.63221471508
2008-04-30,98594.39292315827
2008-05-01,100604.50073031311
2008-05-02,100917.92616094033
2008-05-05,100804.98243500011
2008-05-06,101480.72006738582
2008-05-07,99906.30432117893
2008-05-08,100389.64026793044
2008-05-09,100219.10662738058
2008-05-12,101394.2840391711
2008-05-13,101449.40346717746
2008-05-14,101289.83392138686
2008-05-15,102807.08708997368
2008-05-16,103044.68373034858
2008-05-19,102788.74215135978
2008-05-20,102257.93930580276
2008-05-21,100728.63076166986
2008-05-22,100743.59712466397
2008-05-23,100143.88846555921
2008-05-27,101087.08899293905
2008-05-28,101453.09372145055
2008-05-29,101768.35472682233
2008-05-30,102288.08618852223
2008-06-02,101282.63562031911
2008-06-03,100789.75437879105
2008-06-04,101421.82338464398
2008-06-05,102922.83431812619
2008-06-06,100218.49325298164
2008-06-09,100020.31650989027
2008-06-10,99600.88246602922
2008-06-11,97868.65576506406
2008-06-12,98038.631849822
2008-06-13,99452.34903730449
2008-06-16,99913.54696483428
2008-06-17,99467.88250800812
2008-06-18,98585.58156229874
2008-06-19,99403.79856047593
2008-06-20,97476.7309494439
2008-06-23,97046.71169640985
2008-06-24,96719.62587501974
2008-06-25,97666.61371972781
2008-06-26,94744.89175097863
2008-06-27,94559.91570578613
2008-06-30,94056.91300402276
2008-07-01,94977.44040079063
2008-07-02,93392.04037050871
2008-07-03,93285.77895512767
2008-07-07,93138.41138461432
2008-07-08,94628.46414316779
2008-07-09,92747.7066817961
2008-07-10,93670.32609106645
2008-07-11,92632.87097818515
2008-07-14,92046.4871452343
2008-07-15,91440.6728009667
2008-07-16,93153.89510768844
2008-07-17,93623.04577135107
2008-07-18,92605.22916669925
2008-07-21,92930.26149823463
2008-07-22,93063.53179994125
2008-07-23,93613.10014048188
2008-07-24,92293.62897008246
2008-07-25,92809.31459191437
2008-07-28,91503.48892573609
2008-07-29,93012.2393116837
2008-07-30,93869.83839791009
2008-07-31,93335.61939251752
2008-08-01,92487.04579292229
2008-08-04,91476.99586791362
2008-08-05,93758.89342838475
2008-08-06,94565.43397745676
2008-08-07,93795.26598860047
2008-08-08,95286.26707489812
2008-08-11,95903.19978615499
2008-08-12,95571.81967218098
2008-08-13,95478.81883348963
2008-08-14,96184.76045093586
2008-08-15,96150.73702854374
2008-08-18,95213.35708288325
2008-08-19,94374.04578189667
2008-08-20,94643.79500087388
2008-08-21,94763.99713671517
2008-08-22,95637.5721724768
2008-08-25,93945.9790584595
2008-08-26,93993.44087756726
2008-08-27,94665.77140651911
2008-08-28,95361.80751257755
2008-08-29,93925.91087657103
2008-09-02,93126.47767871346
2008-09-03,92641.92383054688
2008-09-04,90155.88676620145
2008-09-05,90022.44733656153
2008-09-08,90561.46504492596
2008-09-09,88658.92069967264
2008-09-10,89145.50556327301
2008-09-11,90425.25373289426
2008-09-12,90378.80872399497
2008-09-15,87475.11212773398
2008-09-16,88314.31924458114
2008-09-17,84619.30559251997
2008-09-18,86924.46115815961
2008-09-19,89538.96705230165
2008-09-22,86690.97475509798
2008-09-23,85676.75060472902
2008-09-24,86063.42183430605
2008-09-25,87211.23406151673
2008-09-26,86767.42807055634
2008-09-29,80935.6441758346
2008-09-30,83205.98016118805
2008-10-01,82832.77538440198
2008-10-02,79807.90018563981
2008-10-03,78794.5734478443
2008-10-06,76076.10595327907
2008-10-07,72502.53768366242
2008-10-08,71588.63451872456
2008-10-09,68858.05462351376
2008-10-10,67846.22696209392
2008-10-13,75382.33589408033
2008-10-14,73293.68634586813
2008-10-15,67548.03569073594
2008-10-16,70255.39705748772
2008-10-17,70091.92328889827
2008-10-20,72627.5570700852
2008-10-21,69945.57205537148
2008-10-22,67602.91916508653
2008-10-23,67701.02568542125
2008-10-24,65494.66112561353
2008-10-27,63763.68124398272
2008-10-28,69867.00900605993
2008-10-29,69582.72783751684
2008-10-30,71465.52479504295
2008-10-31,71641.74624227444
2008-11-03,71638.23615959253
2008-11-04,73645.64081732875
2008-11-05,70575.03688607161
2008-11-06,67603.37909797858
2008-11-07,69046.6263911808
2008-11-10,68314.08723358593
2008-11-11,66842.11666955428
2008-11-12,64203.21023001942
2008-11-13,67500.29546536329
2008-11-14,64795.49112656947
2008-11-17,63771.84109560522
2008-11-18,64169.99520573446
2008-11-19,61125.98532177462
2008-11-20,58218.71042981899
2008-11-21,60659.100063082326
2008-11-24,63951.32140317067
2008-11-25,63962.83590492123
2008-11-26,66229.17717067155
2008-11-28,66275.88902257815
2008-12-01,61731.482034165754
2008-12-02,63585.44437184415
2008-12-03,65019.63393808757
2008-12-04,63563.498575707665
2008-12-05,65540.91533943632
2008-12-08,67629.34656211332
2008-12-09,67163.5405678039
2008-12-10,67198.56091732187
2008-12-11,65702.32204326887
2008-12-12,66642.36315043675
2008-12-15,65724.73661238106
2008-12-16,68379.46106198401
2008-12-17,67725.46566182758
2008-12-18,66682.36292347671
2008-12-19,66857.43636690629
2008-12-22,65817.51085957402
2008-12-23,65407.4658959694
2008-12-24,65622.05614215127
2008-12-26,65732.98326685399
2008-12-29,65386.36039695447
2008-12-30,66599.57040182357
2008-12-31,67190.33370674167
2009-01-02,69314.0693609792
2009-01-05,69163.40583270615
2009-01-06,69662.70922053607
2009-01-07,67821.96306630212
2009-01-08,68285.16079790154
2009-01-09,67028.59644881106
2009-01-12,65784.34124046269
2009-01-13,65888.0426103296
2009-01-14,64189.2894955912
2009-01-15,64747.00699480557
2009-01-16,65251.45065813723
2009-01-20,62518.694388330274
2009-01-21,64640.12623308664
2009-01-22,63773.32367641397
2009-01-23,64122.69242725059
2009-01-26,64443.17454767617
2009-01-27,64945.58434345155
2009-01-28,66765.01827383603
2009-01-29,65123.87328735646
2009-01-30,64122.85609893798
2009-02-02,64444.76531124855
2009-02-03,65260.42235527585
2009-02-04,65190.055309898264
2009-02-05,66247.23760940222
2009-02-06,67766.91518436463
2009-02-09,67935.38231516982
2009-02-10,65594.85609040588
2009-02-11,65565.67884650311
2009-02-12,65985.038897117
2009-02-13,65583.21414577242
2009-02-17,63293.142369283065
2009-02-18,63257.5320201302
2009-02-19,62523.59899852449
2009-02-20,62399.55492842835
2009-02-23,60521.136792793994
2009-02-24,62314.65639123182
2009-02-25,61932.047474072264
2009-02-26,60699.8562756365
2009-02-27,59943.15216936449
2009-03-02,58031.08163799794
2009-03-03,57855.16285679561
2009-03-04,59102.57698137617
2009-03-05,57371.68525853069
2009-03-06,57168.39604962662
2009-03-09,56313.65189924752
2009-03-10,59223.63661939441
2009-03-11,59813.22277909152
2009-03-12,61619.500652667266
2009-03-13,61854.022805961526
2009-03-16,61257.64704625037
2009-03-17,63071.59789047892
2009-03-18,63951.32480340006
2009-03-19,63653.88940267137
2009-03-20,62692.814337218304
2009-03-23,66102.50189881268
2009-03-24,65031.42689499872
2009-03-25,65411.44678811761
2009-03-26,66887.5590896161
2009-03-27,65829.90382941134
2009-03-30,64222.27486859044
2009-03-31,64729.8929926663
2009-04-01,65691.2652600228
2009-04-02,67318.29726977841
2009-04-03,68073.15058631216
2009-04-06,67729.85959371812
2009-04-07,66326.43341524071
2009-04-08,67174.43943789395
2009-04-09,69106.22757019207
2009-04-13,69090.61322888623
2009-04-14,68248.58312924928
2009-04-15,68387.49911389733
2009-04-16,69560.3785928485
2009-04-17,69750.98699540173
2009-04-20,67698.3785498968
2009-04-21,68578.55536177354
2009-04-22,68516.29622262598
2009-04-23,69091.51052344005
2009-04-24,70028.31569449141
2009-04-27,69851.16894891344
2009-04-28,69380.48513638321
2009-04-29,70340.58544946507
2009-04-30,70644.44044050356
2009-05-01,70850.72312520214
2009-05-04,72472.78661708982
2009-05-05,72318.36805285173
2009-05-06,72828.43446967522
2009-05-07,71525.16250191221
2009-05-08,72128.99077707641
2009-05-11,71826.77949816319
2009-05-12,71359.60420981007
2009-05-13,69814.80091834899
2009-05-14,70419.95088568784
2009-05-15,70207.25952779604
2009-05-18,71725.17115754039
2009-05-19,71859.99070225119
2009-05-20,71647.8346531761
2009-05-21,70590.04822269625
2009-05-22,70393.23443533786
2009-05-26,72278.97299956232
2009-05-27,71519.19962702993
2009-05-28,72377.87527625405
2009-05-29,73425.53380715726
2009-06-01,75091.80210502695
2009-06-02,75158.75210404192
2009-06-03,74712.5252472353
2009-06-04,75374.04892911117
2009-06-05,75414.04106395753
2009-06-08,75186.01016562799
2009-06-09,75601.90839610033
2009-06-10,75393.77565076128
2009-06-11,75500.57295735802
2009-06-12,75385.91203656064
2009-06-15,74004.20807025407
2009-06-16,73287.85406955575
2009-06-17,73613.8134680706
2009-06-18,73716.67336308051
2009-06-19,74205.47981887705
2009-06-22,72311.48270111719
2009-06-23,72239.67377548912
2009-06-24,73065.45621327593
2009-06-25,74331.63022585084
2009-06-26,74342.16913947121
2009-06-29,74655.08885770864
2009-06-30,74264.86396074524
2009-07-01,74396.13255239005
2009-07-02,72739.12253837846
2009-07-06,72384.61810163845
2009-07-07,70928.79658522051
2009-07-08,71007.84164780802
2009-07-09,71115.07302729384
2009-07-10,71192.13396545996
2009-07-13,72505.73690257638
2009-07-14,72779.540941752
2009-07-15,74860.8321076296
2009-07-16,75278.93019680334
2009-07-17,75810.47449581457
2009-07-20,76563.49525994872
2009-07-21,76946.00356807186
2009-07-22,77284.4181519183
2009-07-23,78795.67749682473
2009-07-24,78604.01940523958
2009-07-27,78998.00783802304
2009-07-28,78493.13344517077
2009-07-29,78553.60406413923
2009-07-30,79235.52904514958
2009-07-31,79336.28127345475
2009-08-03,80487.18011691299
2009-08-04,80564.36031219208
2009-08-05,80176.74240965986
2009-08-06,79564.22759593478
2009-08-07,80365.93286380912
2009-08-10,80014.27236890157
2009-08-11,79267.94984552848
2009-08-12,80177.68668945687
2009-08-13,80726.9199813693
2009-08-14,79885.25199053097
2009-08-17,77944.05738288486
2009-08-18,78807.67888492488
2009-08-19,79376.73120900265
2009-08-20,80087.57089832512
2009-08-21,81194.3833057457
2009-08-24,81146.94957161712
2009-08-25,81276.5741141134
2009-08-26,81203.72013764836
2009-08-27,81400.58665085692
2009-08-28,81457.78803551353
2009-08-31,80631.86474750482
2009-09-01,79195.89822402252
2009-09-02,79183.2296131677
2009-09-03,79676.4674522073
2009-09-04,80859.91785326773
2009-09-08,81532.86461746966
2009-09-09,82094.685770818
2009-09-10,82862.42607779619
2009-09-11,82877.16803690272
2009-09-14,83085.33226906596
2009-09-15,83462.80141703431
2009-09-16,84609.2829891288
2009-09-17,84562.77846559968
2009-09-18,84556.62043171645
2009-09-21,84495.35649262338
2009-09-22,84861.31251429116
2009-09-23,84277.31014975604
2009-09-24,83471.4452852034
2009-09-25,82905.46692968643
2009-09-28,84193.90216374639
2009-09-29,83903.26198144435
2009-09-30,84001.5903759877
2009-10-01,81992.0187024177
2009-10-02,81680.79714748831
2009-10-05,82629.34642835222
2009-10-06,83772.1878775264
2009-10-07,84007.32411234954
2009-10-08,84513.80634230441
2009-10-09,84868.58796218799
2009-10-12,85193.43547068196
2009-10-13,85230.03457425673
2009-10-14,86301.6481495432
2009-10-15,86290.79332418814
2009-10-16,85826.66745431416
2009-10-19,86626.0688155585
2009-10-20,86429.76689235547
2009-10-21,86174.70718297688
2009-10-22,86672.57807401188
2009-10-23,86096.01125693046
2009-10-26,85448.38705105051
2009-10-27,84650.21407712293
2009-10-28,82974.27955668737
2009-10-29,84478.81548814314
2009-10-30,82392.21992038417
2009-11-02,82764.26429797463
2009-11-03,82978.71958353366
2009-11-04,83115.33987689948
2009-11-05,84673.27863236576
2009-11-06,84995.48473369952
2009-11-09,86571.48007381846
2009-11-10,86680.1527385884
2009-11-11,87106.18853043552
2009-11-12,86543.6758896647
2009-11-13,87058.59915329827
2009-11-16,87933.5268429534
2009-11-17,88101.25476780692
2009-11-18,87822.05981907461
2009-11-19,86727.65354548639
2009-11-20,86391.72918614295
2009-11-23,87466.52493421004
2009-11-24,87352.11658219904
2009-11-25,87640.50999483789
2009-11-27,86469.98388973511
2009-11-30,86670.55194488779
2009-12-01,87531.2836207338
2009-12-02,87640.37388499259
2009-12-03,87152.67360984131
2009-12-04,87284.96862748428
2009-12-07,86971.27800591926
2009-12-08,86248.788669335
2009-12-09,86733.18783170683
2009-12-10,87051.74379775675
2009-12-11,86951.37712190647
2009-12-14,87627.29485223438
2009-12-15,87207.75143454397
2009-12-16,87409.80184395665
2009-12-17,86340.22932167568
2009-12-18,87287.60647658448
2009-12-21,87894.17155080836
2009-12-22,88225.23186589155
2009-12-23,88663.24829054384
2009-12-24,89278.67038569006
2009-12-28,89614.56086021861
2009-12-29,89346.55629094153
2009-12-30,89462.01472304431
2009-12-31,88743.59683653883
2010-01-04,90122.12466554435
2010-01-05,90211.32287835491
2010-01-06,90068.56809245242
2010-01-07,90148.58147760094
2010-01-08,90633.3235589467
2010-01-11,90516.32894727316
2010-01-12,89489.01396244897
2010-01-13,90327.54082884286
2010-01-14,90478.52227994832
2010-01-15,89509.01776927423
2010-01-19,90672.33428061321
2010-01-20,89526.94437572052
2010-01-21,88390.13123059686
2010-01-22,86335.1054320146
2010-01-25,86646.53767669058
2010-01-26,86522.09250627784
2010-01-27,86898.63738275491
2010-01-28,85395.94515179728
2010-01-29,84275.8922496711
2010-02-01,85185.4583833302
2010-02-02,85919.48708591715
2010-02-03,86006.55433544714
2010-02-04,83826.4867068912
2010-02-05,84238.42273715546
2010-02-08,83713.68927686395
2010-02-09,84503.3805122135
2010-02-10,84349.00450163438
2010-02-11,85291.0177742483
2010-02-12,85348.32620599242
2010-02-16,86353.73373832135
2010-02-17,86732.95830822695
2010-02-18,87176.37004154648
2010-02-19,87209.61139398947
2010-02-22,87117.27945978094
2010-02-23,86173.16781006113
2010-02-24,86882.21997941761
2010-02-25,86823.94417397093
2010-02-26,86993.09115150079
2010-03-01,87936.1853015762
2010-03-02,88148.81924634214
2010-03-03,88216.37594804975
2010-03-04,88446.69638094411
2010-03-05,89548.3279552532
2010-03-08,89633.53734809413
2010-03-09,89931.03210354465
2010-03-10,90431.10806423238
2010-03-11,90726.75995503922
2010-03-12,90730.48174069088
2010-03-15,90612.51352649923
2010-03-16,91142.67978799045
2010-03-17,91444.71037155212
2010-03-18,91576.50148541856
2010-03-19,91127.60792967837
2010-03-22,91705.27163086741
2010-03-23,92237.82632562802
2010-03-24,91852.47036682977
2010-03-25,91724.56698442016
2010-03-26,91745.80681174085
2010-03-29,92159.17601068888
2010-03-30,92327.58459736066
2010-03-31,92029.1612242017
2010-04-01,92362.0140410805
2010-04-05,93137.72724627322
2010-04-06,93354.28954838609
2010-04-07,93128.7057768244
2010-04-08,93336.18371886076
2010-04-09,93858.9149109879
2010-04-12,93900.51306589981
2010-04-13,94163.7509840795
2010-04-14,95134.07650323716
2010-04-15,95425.010206553
2010-04-16,94137.550832534
2010-04-19,94162.68151849108
2010-04-20,94741.27522296974
2010-04-21,95027.70286742852
2010-04-22,95381.86388653386
2010-04-23,95873.70220271625
2010-04-26,95591.78686752396
2010-04-27,93864.48057333098
2010-04-28,94112.1768770983
2010-04-29,95360.87911293015
2010-04-30,93929.04718219979
2010-05-03,95061.76823924763
2010-05-04,92790.65925332274
2010-05-05,92344.89612332669
2010-05-06,89905.0767627527
2010-05-07,88240.70786637484
2010-05-10,91875.06627801585
2010-05-11,91883.51571787952
2010-05-12,93253.00142373909
2010-05-13,92066.91381695798
2010-05-14,90571.68862458107
2010-05-17,90599.19384164356
2010-05-18,89600.28538155598
2010-05-19,88867.32444823036
2010-05-20,85951.36438909025
2010-05-21,86837.48166844291
2010-05-24,86377.94536770662
2010-05-25,86458.73409537492
2010-05-26,85879.53586938244
2010-05-27,88519.01508302116
2010-05-28,87881.00251600432
2010-06-01,86957.07877137182
2010-06-02,88768.86082287577
2010-06-03,89294.9553301903
2010-06-04,86658.97999193278
2010-06-07,85480.07300627057
2010-06-08,85704.38793568469
2010-06-09,85174.37455743585
2010-06-10,87251.84361030563
2010-06-11,87812.03441881321
2010-06-14,87747.44622625953
2010-06-15,89617.54628075054
2010-06-16,89783.97454275661
2010-06-17,89970.85285886632
2010-06-18,90033.45861141219
2010-06-21,89546.34027327951
2010-06-22,88682.0736666899
2010-06-23,88394.13554348942
2010-06-24,87202.36803365307
2010-06-25,87327.01209929619
2010-06-28,87067.62977873132
2010-06-29,84432.47331249225
2010-06-30,83545.94424045566
2010-07-01,83090.98378252787
2010-07-02,82810.82692144536
2010-07-06,83090.76672670031
2010-07-07,85326.20506003236
2010-07-08,85801.67234922711
2010-07-09,86444.18911281756
2010-07-12,86540.43068645289
2010-07-13,87536.10680424672
2010-07-14,87794.60297881164
2010-07-15,87865.95312529153
2010-07-16,85758.05806383501
2010-07-19,86235.09831751074
2010-07-20,87136.57951364607
2010-07-21,86209.87435740369
2010-07-22,87947.26303216694
2010-07-23,88391.96850997448
2010-07-26,89024.27871948107
2010-07-27,88862.44849385561
2010-07-28,88328.74248758102
2010-07-29,87858.80849369234
2010-07-30,88085.14518376057
2010-08-02,89596.30512093958
2010-08-03,89245.98299489121
2010-08-04,89900.54304685332
2010-08-05,89751.95782074264
2010-08-06,89550.52779169267
2010-08-09,90017.01269295377
2010-08-10,89443.307248714
2010-08-11,87359.91980042754
2010-08-12,86816.14210221253
2010-08-13,86406.24934567831
2010-08-16,86463.21683139887
2010-08-17,87377.10655049511
2010-08-18,87599.70432812524
2010-08-19,86396.3902172895
2010-08-20,86351.69860911375
2010-08-23,85800.0592020809
2010-08-24,84542.28707136649
2010-08-25,85060.68710836094
2010-08-26,84336.97408411438
2010-08-27,85296.57069271736
2010-08-30,84413.65156605025
2010-08-31,84331.36214625496
2010-09-01,86355.81053615567
2010-09-02,87084.28987626424
2010-09-03,88111.14831610514
2010-09-07,87632.42516150595
2010-09-08,88323.775023329
2010-09-09,88479.97283531098
2010-09-10,88785.94868329642
2010-09-13,89748.0999002029
2010-09-14,90027.10848782776
2010-09-15,90351.9972314709
2010-09-16,90471.49411081604
2010-09-17,90661.17237927769
2010-09-20,91983.06906997348
2010-09-21,91970.97844764307
2010-09-22,91727.49199327972
2010-09-23,91475.003973025
2010-09-24,92988.20082813707
2010-09-27,92662.23938760177
2010-09-28,92805.16946971812
2010-09-29,92658.0405080684
2010-09-30,92355.86846727828
2010-10-01,92421.38635958412
2010-10-04,91663.71732634342
2010-10-05,93512.86401150642
2010-10-06,93179.31046009912
2010-10-07,93186.89191131246
2010-10-08,93787.66568155214
2010-10-11,93841.48177740966
2010-10-12,94200.82790927534
2010-10-13,94902.65095360627
2010-10-14,94594.34873536436
2010-10-15,95548.43517382654
2010-10-18,95612.56646315905
2010-10-19,94562.25629918058
2010-10-20,95318.04229640862
2010-10-21,95316.70786142595
2010-10-22,95771.10254625391
2010-10-25,96156.89118238834
2010-10-26,96221.99599260572
2010-10-27,96173.37082520485
2010-10-28,96345.84084993602
2010-10-29,96338.90887988328
2010-11-01,96378.3519570451
2010-11-02,97156.04795840202
2010-11-03,97504.75553341694
2010-11-04,98743.42532309082
2010-11-05,98860.24773489164
2010-11-08,98853.48845801593
2010-11-09,98330.44150878146
2010-11-10,98709.03399833842
2010-11-11,98254.47286338173
2010-11-12,97032.83650043688
2010-11-15,96788.37256386172
2010-11-16,95454.81630611
2010-11-17,95604.04676934806
2010-11-18,96857.54630632255
2010-11-19,96976.50733265333
2010-11-22,97354.5190899842
2010-11-23,96077.68697891917
2010-11-24,97539.14886918532
2010-11-26,96815.7397760897
2010-11-29,96868.75796321049
2010-11-30,96106.36501105703
2010-12-01,97919.64736546417
2010-12-02,98871.41011937533
2010-12-03,99212.2616078667
2010-12-06,99224.27445511162
2010-12-07,99080.43628389844
2010-12-08,99343.42161513113
2010-12-09,99531.62472860827
2010-12-10,100030.58043050577
2010-12-13,99940.70421514018
2010-12-14,100002.44110410663
2010-12-15,99524.21467753126
2010-12-16,100071.397877275
2010-12-17,100263.2803869145
2010-12-20,100458.59075500678
2010-12-21,101045.01937523407
2010-12-22,101132.31001829996
2010-12-23,100940.3372908844
2010-12-27,100997.26332224018
2010-12-28,101022.98242784038
2010-12-29,101210.17556165974
2010-12-30,100920.06601310537
2010-12-31,100920.03374017653
2011-01-03,102055.67572635006
2011-01-04,101806.6761901948
2011-01-05,102418.35712594891
2011-01-06,102433.45670706774
2011-01-07,102298.36024531262
2011-01-10,102543.24208461141
2011-01-11,102810.3191956585
2011-01-12,103508.92528379142
2011-01-13,103414.40464445537
2011-01-14,104010.5583558546
2011-01-18,104213.0362246224
2011-01-19,103267.65941573888
2011-01-20,102650.7980509334
2011-01-21,102386.60508184943
2011-01-24,103218.47852592803
2011-01-25,103243.43960466127
2011-01-26,103775.0522142401
2011-01-27,104020.92305366725
2011-01-28,102238.88250633862
2011-01-31,102795.16999538729
2011-02-01,104368.29824098648
2011-02-02,104260.86432255131
2011-02-03,104457.363542436
2011-02-04,104786.5180272589
2011-02-07,105241.9480674321
2011-02-08,105825.45253709464
2011-02-09,105668.87658613973
2011-02-10,105718.15316104749
2011-02-11,106303.12475030616
2011-02-14,106568.92760869581
2011-02-15,106334.97023403148
2011-02-16,106933.63784230368
2011-02-17,107061.31698150732
2011-02-18,106992.08005837035
2011-02-22,104727.20290960085
2011-02-23,104228.17489599023
2011-02-24,104383.80104112919
2011-02-25,105676.80124670471
2011-02-28,106009.6353819884
2011-03-01,104715.48641607842
2011-03-02,105043.519320318
2011-03-03,106624.39645467467
2011-03-04,106146.97664510999
2011-03-07,105101.1549697762
2011-03-08,105557.72960773252
2011-03-09,105167.11147500666
2011-03-10,103550.85947667444
2011-03-11,104062.45228794446
2011-03-14,103673.26901603641
2011-03-15,102219.89184702818
2011-03-16,100370.42837449898
2011-03-17,101458.77270444793
2011-03-18,101529.68835194707
2011-03-21,103088.73505239192
2011-03-22,102911.69461135037
2011-03-23,103366.00087760505
2011-03-24,104593.64780741163
2011-03-25,104859.6715550022
2011-03-28,104360.88359229371
2011-03-29,105118.00568750396
2011-03-30,105625.14519460523
2011-03-31,105772.33025834394
2011-04-01,105968.25914787289
2011-04-04,105890.71993610547
2011-04-05,105810.2097542011
2011-04-06,106033.85729013526
2011-04-07,105909.07818551874
2011-04-08,105675.70706333252
2011-04-11,105232.42922732167
2011-04-12,104432.64645375616
2011-04-13,104944.79390886833
2011-04-14,104934.62181310369
2011-04-15,105060.78346352678
2011-04-18,104295.19277779
2011-04-19,104809.78394455678
2011-04-20,106571.39400543121
2011-04-21,107219.39887359462
2011-04-25,107299.07474304328
2011-04-26,107901.26761797587
2011-04-27,108599.12497004503
2011-04-28,108600.58116728555
2011-04-29,108784.88077942996
2011-05-02,108614.19848544475
2011-05-03,108207.85075159506
2011-05-04,107868.8978016358
2011-05-05,107226.2413978818
2011-05-06,107555.19340282276
2011-05-09,107892.91349782348
2011-05-10,108664.48308328855
2011-05-11,107862.54918454571
2011-05-12,108354.43385533764
2011-05-13,107405.9281866198
2011-05-16,106216.8592508024
2011-05-17,106352.22048248911
2011-05-18,107117.43194620455
2011-05-19,107353.83473656223
2011-05-20,106639.69695948526
2011-05-23,105408.57178569632
2011-05-24,105038.02905049952
2011-05-25,105355.34496690764
2011-05-26,105841.39803996209
2011-05-27,106243.16652127808
2011-05-31,107520.38915895452
2011-06-01,105470.71207339597
2011-06-02,105507.03550404523
2011-06-03,104385.607886654
2011-06-06,103481.82159098944
2011-06-07,103417.39842297872
2011-06-08,102946.20649725228
2011-06-09,103348.55026087107
2011-06-10,101975.24436648167
2011-06-13,101883.68897256843
2011-06-14,103001.28569775455
2011-06-15,101301.43694916353
2011-06-16,101151.5348464721
2011-06-17,101061.47181095406
2011-06-20,101469.10401738386
2011-06-21,103045.32914520199
2011-06-22,102486.12728758345
2011-06-23,102682.26249090946
2011-06-24,101216.8211895341
2011-06-27,102272.23923637309
2011-06-28,103584.75247665429
2011-06-29,104205.42646723604
2011-06-30,105126.03264261162
2011-07-01,106419.78504922563
2011-07-05,106839.8609514338
2011-07-06,107116.60779423622
2011-07-07,108363.50973979846
2011-07-08,108021.6191035934
2011-07-11,106412.71937733758
2011-07-12,105937.44710151489
2011-07-13,106394.91415635328
2011-07-14,105436.74723915284
2011-07-15,106429.61247614873
2011-07-18,105811.29932661682
2011-07-19,107661.78401485083
2011-07-20,107414.10782856432
2011-07-21,108166.59776603048
2011-07-22,108869.52025971618
2011-07-25,108510.13322312517
2011-07-26,108574.21016173092
2011-07-27,106328.3250715592
2011-07-28,106304.4025056731
2011-07-29,105902.96287562205
2011-08-01,105488.20368390878
2011-08-02,103201.18266939555
2011-08-03,103886.50802300288
2011-08-04,99759.87342338846
2011-08-05,99380.18250770049
2011-08-08,94119.49445605911
2011-08-09,97913.58057038888
2011-08-10,94390.06819322673
2011-08-11,97941.56451650804
2011-08-12,98598.48921460945
2011-08-15,100040.06948444071
2011-08-16,99308.24377251096
2011-08-17,99020.59178293514
2011-08-18,95080.5633301101
2011-08-19,93667.89753083646
2011-08-22,93856.1789874543
2011-08-23,96870.76544107929
2011-08-24,97712.77261441336
2011-08-25,96383.5519273156
2011-08-26,98083.48218903766
2011-08-29,100425.79142185063
2011-08-30,100843.79155343537
2011-08-31,100963.05188318621
2011-09-01,100213.05512736703
2011-09-02,98450.03814607637
2011-09-06,98253.91821156381
2011-09-07,100202.79299446933
2011-09-08,99801.66697725088
2011-09-09,97752.41460801709
2011-09-12,98463.00829643689
2011-09-13,99417.50481524499
2011-09-14,100575.51375351865
2011-09-15,101754.31524643321
2011-09-16,102507.30249931719
2011-09-19,102118.3124318928
2011-09-20,101939.29895405694
2011-09-21,100046.76535437591
2011-09-22,97201.04767669534
2011-09-23,97462.00152898025
2011-09-26,98675.84028030065
2011-09-27,99653.14535524933
2011-09-28,97957.99795451932
2011-09-29,97733.70387498094
2011-09-30,95745.34826516599
2011-10-03,93809.52334655481
2011-10-04,95309.57966974842
2011-10-05,97167.994135323
2011-10-06,98522.23719071817
2011-10-07,97877.53239103514
2011-10-10,100724.45968612682
2011-10-11,101053.87286375772
2011-10-12,101529.5144592584
2011-10-13,101962.5996595507
2011-10-14,103473.34346462495
2011-10-17,102058.30950384171
2011-10-18,103315.98493456873
2011-10-19,101786.64877384373
2011-10-20,101561.17360033408
2011-10-21,102822.93387494734
2011-10-24,104401.87876838254
2011-10-25,102955.36775145086
2011-10-26,103170.76027723453
2011-10-27,105673.40093937838
2011-10-28,105800.68047724196
2011-10-31,104242.04945075807
2011-11-01,102083.51624093261
2011-11-02,103054.79669341046
2011-11-03,104766.02016951138
2011-11-04,104260.26694606345
2011-11-07,105020.93547125133
2011-11-08,105958.91161799054
2011-11-09,102831.8142187646
2011-11-10,102996.48633412182
2011-11-11,104658.184990184
2011-11-14,104064.21803310138
2011-11-15,104845.52521299348
2011-11-16,103399.99045933608
2011-11-17,101494.16176028845
2011-11-18,101051.17895963302
2011-11-21,99320.63195290967
2011-11-22,99470.76324965716
2011-11-23,97627.36033622258
2011-11-25,97054.14515149416
2011-11-28,99812.77807845802
2011-11-29,99549.59050445902
2011-11-30,102795.33394523985
2011-12-01,103090.90159220772
2011-12-02,103017.16035557417
2011-12-05,103874.98203157855
2011-12-06,103698.28629616516
2011-12-07,103858.02411692713
2011-12-08,102163.20344358616
2011-12-09,103459.03426304372
2011-12-12,102301.49066932546
2011-12-13,101386.15854939903
2011-12-14,100110.23615550794
2011-12-15,100029.87129018214
2011-12-16,100491.82886224291
2011-12-19,99682.11321140284
2011-12-20,102126.07302344487
2011-12-21,101369.45598774937
2011-12-22,102100.49892850977
2011-12-23,102799.18286804674
2011-12-27,103000.33747292301
2011-12-28,101932.7021297144
2011-12-29,102644.42803818903
2011-12-30,102376.20946173079
2012-01-03,103921.70765801723
2012-01-04,104190.6937279762
2012-01-05,104712.07935150866
2012-01-06,104795.62434454952
2012-01-09,104696.3575865183
2012-01-10,105384.15266634033
2012-01-11,105504.53511632432
2012-01-12,105793.22505172832
2012-01-13,105402.93148829626
2012-01-17,106021.56877095434
2012-01-18,107128.2628919232
2012-01-19,107649.95345900308
2012-01-20,107693.46724231528
2012-01-23,107607.15123145758
2012-01-24,107454.12845840439
2012-01-25,108438.16638647244
2012-01-26,108046.4292752931
2012-01-27,108184.02038104953
2012-01-30,108093.71959482765
2012-01-31,108257.56390373252
2012-02-01,108939.74841382845
2012-02-02,109206.9020586176
2012-02-03,110261.77173424225
2012-02-06,110242.66066185487
2012-02-07,110413.82168398997
2012-02-08,110794.29838796763
2012-02-09,111184.41241747468
2012-02-10,110563.93066705692
2012-02-13,111375.66934675319
2012-02-14,111501.35770045129
2012-02-15,110952.34600906134
2012-02-16,112073.73861791218
2012-02-17,111959.93579828125
2012-02-21,112176.78928751989
2012-02-22,111943.70899834236
2012-02-23,112461.1078696835
2012-02-24,112749.42823903893
2012-02-27,112925.33763137527
2012-02-28,113625.51183591067
2012-02-29,113100.7953182491
2012-03-01,113759.19989864856
2012-03-02,113647.53961666892
2012-03-05,112798.36079647257
2012-03-06,111690.89019524536
2012-03-07,112360.96675820484
2012-03-08,113290.76466668214
2012-03-09,113752.41752897165
2012-03-12,113744.89992343233
2012-03-13,115392.70725034014
2012-03-14,115344.65878048456
2012-03-15,115737.19724029225
2012-03-16,115762.77456518142
2012-03-19,116209.27115753813
2012-03-20,116168.32705484467
2012-03-21,116174.95778884817
2012-03-22,115750.70873791126
2012-03-23,115923.94812930627
2012-03-26,117476.94150418269
2012-03-27,117472.61453853257
2012-03-28,116961.28349797853
2012-03-29,116652.93470159663
2012-03-30,116614.39872000508
2012-04-02,117509.52950931026
2012-04-03,117317.26038804738
2012-04-04,116095.11570914826
2012-04-05,116433.72271001163
2012-04-09,115530.67408589604
2012-04-10,113913.44757905255
2012-04-11,114497.08461347263
2012-04-12,115662.56621600028
2012-04-13,114288.70201864104
2012-04-16,113600.55745601607
2012-04-17,115339.04391807724
2012-04-18,115045.67008886085
2012-04-19,114122.80576909783
2012-04-20,114017.56445999014
2012-04-23,113149.40521901386
2012-04-24,112974.42809670804
2012-04-25,115020.46520613937
2012-04-26,115626.2030254993
2012-04-27,116032.48936223262
2012-04-30,115471.07119731106
2012-05-01,115764.01746928069
2012-05-02,115815.71719075403
2012-05-03,114825.99230393667
2012-05-04,112747.61915388671
2012-05-07,112814.56713695987
2012-05-08,112439.01866012056
2012-05-09,112006.12088748383
2012-05-10,111947.70509708501
2012-05-11,111839.81609899816
2012-05-14,110923.22826557985
2012-05-15,110565.15202705434
2012-05-16,110051.35302485012
2012-05-17,108441.70933634328
2012-05-18,107395.81652915484
2012-05-21,109559.72135836555
2012-05-22,109454.75634583295
2012-05-23,109592.91824160036
2012-05-24,109282.81948514012
2012-05-25,109136.1425496271
2012-05-29,110227.37271180651
2012-05-30,109354.42640147508
2012-05-31,109067.08080965417
2012-06-01,106780.51453294604
2012-06-04,107112.65861331073
2012-06-05,107519.94425019031
2012-06-06,109478.56480856646
2012-06-07,109233.34943836342
2012-06-08,110081.43029115349
2012-06-11,108631.92169164731
2012-06-12,109668.79498783819
2012-06-13,109066.85054311229
2012-06-14,109672.7183717193
2012-06-15,110748.90771847394
2012-06-18,111401.77944180736
2012-06-19,112242.2489835432
2012-06-20,112186.40328204863
2012-06-21,109870.6237219798
2012-06-22,110678.32276778824
2012-06-25,109135.5344776401
2012-06-26,109636.88209976374
2012-06-27,110348.77096329258
2012-06-28,109572.43969223298
2012-06-29,112286.38897060907
2012-07-02,112560.175718334
2012-07-03,113283.3853198169
2012-07-05,113134.29699855146
2012-07-06,112038.08456154216
2012-07-09,111872.55886766882
2012-07-10,110968.49641207329
2012-07-11,110650.84585061033
2012-07-12,109929.6142765978
2012-07-13,111399.23940726662
2012-07-16,111137.89290867391
2012-07-17,111682.62200663795
2012-07-18,112724.17592962983
2012-07-19,113447.70879598716
2012-07-20,112319.5692596535
2012-07-23,111227.06393928586
2012-07-24,110444.67966220037
2012-07-25,110066.72312290891
2012-07-26,111418.48387035806
2012-07-27,113451.09557855364
2012-07-30,113395.56293667087
2012-07-31,113046.4876390925
2012-08-01,112825.36360089619
2012-08-02,112352.48786462151
2012-08-03,114087.38332113126
2012-08-06,114619.0897250935
2012-08-07,115227.2269316225
2012-08-08,115221.63725164696
2012-08-09,115467.82512632848
2012-08-10,115565.61613631983
2012-08-13,115617.24520751773
2012-08-14,115540.57536043588
2012-08-15,115675.2842511719
2012-08-16,116602.92022774623
2012-08-17,116957.16217648961
2012-08-20,117065.70028636744
2012-08-21,116744.3806395434
2012-08-22,117121.69196083964
2012-08-23,116313.536291546
2012-08-24,116903.12369867817
2012-08-27,117019.44249934005
2012-08-28,116970.02904441183
2012-08-29,116963.22248696674
2012-08-30,116114.7133529701
2012-08-31,116849.87377084477
2012-09-04,116747.01719181523
2012-09-05,116590.92252848535
2012-09-06,118585.45332287713
2012-09-07,118649.89429615047
2012-09-10,117645.96454305807
2012-09-11,117581.33310329291
2012-09-12,117795.33501498005
2012-09-13,119230.05459934304
2012-09-14,119752.14083342922
2012-09-17,119643.33338233903
2012-09-18,119718.86289568825
2012-09-19,119846.43686995402
2012-09-20,119824.12158420708
2012-09-21,119838.61388789705
2012-09-24,119439.1525529783
2012-09-25,118216.20074393116
2012-09-26,117541.43763061384
2012-09-27,118742.65032727097
2012-09-28,118074.77420960735
2012-10-01,118081.55212717474
2012-10-02,118287.81119117922
2012-10-03,118827.18230049092
2012-10-04,119315.8015267021
2012-10-05,118982.43572231186
2012-10-08,118278.36486212163
2012-10-09,116907.38412857178
2012-10-10,116341.1785420031
2012-10-11,116165.8416876012
2012-10-12,115998.54591438292
2012-10-15,116750.55915286427
2012-10-16,117983.68221503202
2012-10-17,118118.93176671256
2012-10-18,117304.12947974922
2012-10-19,115196.83162427177
2012-10-22,115495.29820880684
2012-10-23,114377.23195776464
2012-10-24,114051.06480475258
2012-10-25,114152.82924995074
2012-10-26,114289.63082572703
2012-10-31,113982.52893915202
2012-11-01,115129.17768668976
2012-11-02,114026.9698511708
2012-11-05,114559.86931975602
2012-11-06,115018.72979054271
2012-11-07,112843.06545368556
2012-11-08,111613.76420747813
2012-11-09,111902.7212336071
2012-11-12,111906.96400104638
2012-11-13,111379.9567931564
2012-11-14,110201.50637417962
2012-11-15,109887.06935553589
2012-11-16,110306.06232607865
2012-11-19,112429.69958713962
2012-11-20,112358.26241392519
2012-11-21,112545.71947949896
2012-11-23,113956.58989575335
2012-11-26,114140.30005672551
2012-11-27,113748.28385366125
2012-11-28,114461.83799574079
2012-11-29,115007.4427853292
2012-11-30,114865.74446736317
2012-12-03,114563.9708322018
2012-12-04,114362.55859041688
2012-12-05,113757.14765787737
2012-12-06,114220.2517228033
2012-12-07,113963.74793264763
2012-12-10,114156.96183145224
2012-12-11,115120.83892896758
2012-12-12,114997.41895401778
2012-12-13,114181.27282060253
2012-12-14,113525.35308246953
2012-12-17,114691.48199549923
2012-12-18,115909.57298298272
2012-12-19,115371.46225012517
2012-12-20,115489.56335563704
2012-12-21,114556.11384598551
2012-12-24,114289.24298943844
2012-12-26,113691.34026796366
2012-12-27,113562.23159247516
2012-12-28,112558.08480803964
2012-12-31,114440.11449201388
2013-01-02,117297.44334260907
2013-01-03,116728.7633428286
2013-01-04,116654.41107950287
2013-01-07,116528.23422842612
2013-01-08,116367.42457355338
2013-01-09,116669.79002891331
2013-01-10,117377.28297811774
2013-01-11,117409.56440164687
2013-01-14,117153.62185377107
2013-01-15,116898.9344235539
2013-01-16,117143.30469442293
2013-01-17,117690.0064613462
2013-01-18,117706.6119287679
2013-01-22,118053.76509150078
2013-01-23,118461.78190013651
2013-01-24,117553.95559964476
2013-01-25,117980.44808808056
2013-01-28,118029.22997163654
2013-01-29,118223.81942675597
2013-01-30,118036.22729104779
2013-01-31,117761.64119238855
2013-02-01,118881.04596030313
2013-02-04,117392.15044286106
2013-02-05,118675.0844037807
2013-02-06,118525.93528492385
2013-02-07,118485.36661767217
2013-02-08,119344.73576083897
2013-02-11,119257.76819914895
2013-02-12,119069.02334553406
2013-02-13,119268.86457975688
2013-02-14,119269.16739949162
2013-02-15,118910.84981154783
2013-02-19,119591.2840387347
2013-02-20,117949.99007245008
2013-02-21,117035.24233706432
2013-02-22,118029.34200668034
2013-02-25,116573.64135913346
2013-02-26,117102.08895853529
2013-02-27,118083.99206959561
2013-02-28,117882.47014302204
2013-03-01,118273.96053136927
2013-03-04,118699.10735101232
2013-03-05,119952.91644341932
2013-03-06,119815.53815273584
2013-03-07,119982.57113071946
2013-03-08,120225.40328213203
2013-03-11,120542.46396553778
2013-03-12,120274.22283243295
2013-03-13,120238.63186402679
2013-03-14,120631.91854799069
2013-03-15,120400.10901037221
2013-03-18,120109.58574474626
2013-03-19,119927.30613201216
2013-03-20,120571.87921790702
2013-03-21,119558.64836417304
2013-03-22,120424.31183132374
2013-03-25,120063.37911508529
2013-03-26,120740.37007577297
2013-03-27,120910.55758663111
2013-03-28,121086.0206872192
2013-04-01,120490.59816446975
2013-04-02,121165.58805133641
2013-04-03,120172.37884114168
2013-04-04,120344.54257310939
2013-04-05,119637.93572229613
2013-04-08,120225.39883036047
2013-04-09,120768.57799459524
2013-04-10,122461.61648497278
2013-04-11,122559.52273133652
2013-04-12,122400.98937055534
2013-04-15,120193.08094378456
2013-04-16,121598.42381955544
2013-04-17,119768.59093637211
2013-04-18,118659.38730242793
2013-04-19,119827.57087907831
2013-04-22,120625.06648327937
2013-04-23,121626.52467626268
2013-04-24,121614.282642871
2013-04-25,122100.74769431663
2013-04-26,121819.38709006652
2013-04-29,122656.64433995751
2013-04-30,123153.9517845165
2013-05-01,122465.26465190634
2013-05-02,123715.19072889592
2013-05-03,124739.30792938845
2013-05-06,125081.08624148631
2013-05-07,125183.97814635314
2013-05-08,125706.07410875121
2013-05-09,125496.12479467537
2013-05-10,125926.69159901504
2013-05-13,125946.82954360104
2013-05-14,126629.98965595284
2013-05-15,126994.79741845148
2013-05-16,126774.22325172958
2013-05-17,127717.87168293119
2013-05-20,127646.34876948147
2013-05-21,127775.90043146467
2013-05-22,126751.30971258448
2013-05-23,126519.79647971825
2013-05-24,126412.53714835992
2013-05-28,126958.22245403173
2013-05-29,126396.69925027486
2013-05-30,126855.34575399135
2013-05-31,125530.00854898129
2013-06-03,125939.52621042817
2013-06-04,125361.37749905458
2013-06-05,123937.3598318406
2013-06-06,124550.6931977058
2013-06-07,125857.63695189924
2013-06-10,125844.97625443354
2013-06-11,124674.16600818584
2013-06-12,123540.16332882796
2013-06-13,125028.82524598064
2013-06-14,124347.0071519572
2013-06-17,125245.98763217327
2013-06-18,126092.27044178755
2013-06-19,124787.8534148122
2013-06-20,121911.2294146498
2013-06-21,121676.96862682237
2013-06-24,120507.43042311998
2013-06-25,121317.5497029906
2013-06-26,122240.21165428818
2013-06-27,122732.1054195826
2013-06-28,122700.71649851585
2013-07-01,123319.69724190996
2013-07-02,123295.14936268721
2013-07-03,123555.6836135836
2013-07-05,124478.18502297539
2013-07-08,124768.8886633288
2013-07-09,125447.55729650582
2013-07-10,125818.63152452784
2013-07-11,127663.64036862426
2013-07-12,127956.07805236835
2013-07-15,128257.29637990368
2013-07-16,127994.93527047583
2013-07-17,128258.88034292306
2013-07-18,128320.92292635654
2013-07-19,127708.8180974898
2013-07-22,127973.31321635454
2013-07-23,127388.76524429148
2013-07-24,127427.69876840076
2013-07-25,127930.84366305612
2013-07-26,128313.02897222
2013-07-29,128044.94329247445
2013-07-30,128379.81879619848
2013-07-31,128544.4190793224
2013-08-01,129646.88184052173
2013-08-02,130084.27390346014
2013-08-05,129964.78059080151
2013-08-06,129242.72278291026
2013-08-07,128956.06019964014
2013-08-08,129484.51855313308
2013-08-09,129122.19871620805
2013-08-12,129275.98242933035
2013-08-13,129695.58138161794
2013-08-14,129264.11766928041
2013-08-15,127467.40724405601
2013-08-16,127294.52612385357
2013-08-19,126827.8926078863
2013-08-20,127319.46964965892
2013-08-21,126783.36261539212
2013-08-22,127885.99668463388
2013-08-23,128566.3680309712
2013-08-26,128484.0412382108
2013-08-27,126532.19687853247
2013-08-28,126911.96602206747
2013-08-29,127469.26240565286
2013-08-30,126875.19841073162
2013-09-03,127426.7445822382
2013-09-04,128466.44718627176
2013-09-05,128620.47740858182
2013-09-06,128706.0108663127
2013-09-09,129880.55729616035
2013-09-10,130518.13116588708
2013-09-11,130517.21148261511
2013-09-12,130344.11975463838
2013-09-13,130473.86813887436
2013-09-16,130539.05900676886
2013-09-17,131169.23457216486
2013-09-18,132475.1367178569
2013-09-19,132548.77518991416
2013-09-20,131988.96048630422
2013-09-23,131632.2538826605
2013-09-24,131514.24983040188
2013-09-25,131142.59748532518
2013-09-26,131820.76043278567
2013-09-27,131517.17391850363
2013-09-30,131058.21488638334
2013-10-01,131963.07303492987
2013-10-02,131956.60153672882
2013-10-03,130723.36870817989
2013-10-04,131665.20089496084
2013-10-07,130760.02918352345
2013-10-08,128963.66169148397
2013-10-09,128721.82051059126
2013-10-10,131108.93023728213
2013-10-11,131837.4368831612
2013-10-14,132433.96616047111
2013-10-15,131852.9686131847
2013-10-16,133316.2609980798
2013-10-17,133974.03470750485
2013-10-18,135410.32703476842
2013-10-21,135534.10453352332
2013-10-22,135919.3566752177
2013-10-23,135180.60581304017
2013-10-24,135617.43749400624
2013-10-25,136357.3769996371
2013-10-28,136461.46960975882
2013-10-29,136812.67305974805
2013-10-30,136508.2368771516
2013-10-31,136156.9224186923
2013-11-01,136146.83662531737
2013-11-04,136346.59950062973
2013-11-05,136200.73068727468
2013-11-06,136406.37146190714
2013-11-07,134487.2756006983
2013-11-08,135971.6667523748
2013-11-11,135853.8715996818
2013-11-12,135800.08417294276
2013-11-13,137039.79484150067
2013-11-14,137561.48837404937
2013-11-15,137870.45816663106
2013-11-18,136943.67755486156
2013-11-19,136581.444738114
2013-11-20,136172.88814823868
2013-11-21,137346.36641313665
2013-11-22,137982.5287730908
2013-11-25,138110.26027876625
2013-11-26,138459.31377277698
2013-11-27,139048.1691222787
2013-11-29,139441.70511454518
2013-12-02,139097.7972609335
2013-12-03,138821.96653443552
2013-12-04,138869.66630215102
2013-12-05,138557.6265144189
2013-12-06,139583.98428669013
2013-12-09,139980.91200980783
2013-12-10,139747.29842290448
2013-12-11,138283.4233853989
2013-12-12,137932.75811724953
2013-12-13,137823.13932488713
2013-12-16,138491.28751666273
2013-12-17,138187.43876698008
2013-12-18,139795.67274968902
2013-12-19,139528.62214925225
2013-12-20,140515.8504746785
2013-12-23,141511.46562366484
2013-12-24,141636.2944107094
2013-12-26,142107.00912738033
2013-12-27,141909.00889043423
2013-12-30,141779.97192294215
2013-12-31,142485.66873400664
2014-01-02,141450.54426453935
2014-01-03,140941.7598410159
2014-01-06,140542.35940312815
2014-01-07,141460.94100295223
2014-01-08,141498.63139463725
2014-01-09,141235.3947231765
2014-01-10,141743.52580170037
2014-01-13,140058.13960634376
2014-01-14,141864.93030751313
2014-01-15,142734.75419804765
2014-01-16,142669.80594708413
2014-01-17,142135.42652639595
2014-01-21,142765.7982373911
2014-01-22,142987.24097235882
2014-01-23,142449.32416674963
2014-01-24,140023.03793115786
2014-01-27,138943.69194756963
2014-01-28,139217.0415497096
2014-01-29,138077.36982677737
2014-01-30,139714.22536596665
2014-01-31,139307.00729512316
2014-02-03,136700.17904563295
2014-02-04,137469.78020731316
2014-02-05,137144.83125977212
2014-02-06,138610.21154892154
2014-02-07,140492.72385630693
2014-02-10,140984.98065269805
2014-02-11,142312.39743387728
2014-02-12,142432.95189704266
2014-02-13,143262.65214193074
2014-02-14,143700.7494613373
2014-02-18,144177.84526114553
2014-02-19,143308.3687763322
2014-02-20,143943.4065332511
2014-02-21,143803.60183917172
2014-02-24,144469.51752285656
2014-02-25,144407.79328727987
2014-02-26,144371.50132858197
2014-02-27,145116.44806988206
2014-02-28,145113.00820727678
2014-03-03,144391.2418755197
2014-03-04,145836.2173894557
2014-03-05,146054.67183525264
2014-03-06,146027.82173474942
2014-03-07,145579.4847017971
2014-03-10,145584.36950744962
2014-03-11,145043.19226383464
2014-03-12,145383.59733841763
2014-03-13,143875.09368980245
2014-03-14,143246.80591128167
2014-03-17,144174.43204995833
2014-03-18,145437.71854843647
2014-03-19,144696.2475464601
2014-03-20,145156.3524119828
2014-03-21,144159.16324271468
2014-03-24,143301.44073545467
2014-03-25,143762.0869392575
2014-03-26,142499.4917885811
2014-03-27,142060.9603090433
2014-03-28,142380.27335396493
2014-03-31,143234.14470417585
2014-04-01,144670.19906297876
2014-04-02,144970.58522865287
2014-04-03,144400.94281511646
2014-04-04,141960.62239446485
2014-04-07,140741.46519608164
2014-04-08,141673.601700153
2014-04-09,143379.3201896859
2014-04-10,140168.70762632912
2014-04-11,138934.3902779772
2014-04-14,139911.34029474974
2014-04-15,140483.59772009123
2014-04-16,141949.785025755
2014-04-17,141927.96960404902
2014-04-21,142586.76574194364
2014-04-22,143385.6169151501
2014-04-23,142658.2410396141
2014-04-24,143501.6294415208
2014-04-25,141918.829146768
2014-04-28,142216.87000545065
2014-04-29,143016.05943370017
2014-04-30,143318.50522939605
2014-05-01,143561.4759514173
2014-05-02,143436.26174628705
2014-05-05,143851.67437785948
2014-05-06,142476.43074046628
2014-05-07,142496.7265018618
2014-05-08,142318.2830433412
2014-05-09,142611.01770168092
2014-05-12,144266.21164192888
2014-05-13,144455.35087434386
2014-05-14,143967.43883877093
2014-05-15,142954.66677300667
2014-05-16,143564.97297713655
2014-05-19,144172.2240880096
2014-05-20,143618.3979224975
2014-05-21,144669.55684550756
2014-05-22,145104.72545559774
2014-05-23,145894.38454100184
2014-05-27,147060.259171114
2014-05-28,146890.8577432901
2014-05-29,147562.91618364342
2014-05-30,147563.67191201245
2014-06-02,147532.53485533842
2014-06-03,147459.3651025738
2014-06-04,147827.0384725388
2014-06-05,148774.93270147967
2014-06-06,149438.26221751474
2014-06-09,149418.44911379597
2014-06-10,149540.6845304948
2014-06-11,149333.13013031683
2014-06-12,148270.5652527604
2014-06-13,148631.80809144175
2014-06-16,148724.83168448939
2014-06-17,148892.13452354365
2014-06-18,149676.4529815361
2014-06-19,149669.81636952044
2014-06-20,149848.51046116333
2014-06-23,149834.97607975383
2014-06-24,149439.53535638665
2014-06-25,150139.90175403765
2014-06-26,150129.92572989935
2014-06-27,150551.06837884395
2014-06-30,150702.15893754314
2014-07-01,151767.29727816695
2014-07-02,151833.87224739348
2014-07-03,152499.94438883633
2014-07-07,152093.15711676903
2014-07-08,150902.84693245354
2014-07-09,151701.81077746424
2014-07-10,151288.69588380546
2014-07-11,151873.59339795544
2014-07-14,152397.33391511955
2014-07-15,151899.58885606483
2014-07-16,152469.36837324125
2014-07-17,151076.93226938788
2014-07-18,152698.27827853305
2014-07-21,152566.64380897026
2014-07-22,153246.79476939552
2014-07-23,153844.37920552702
2014-07-24,153602.33946143163
2014-07-25,153247.73767489978
2014-07-28,153245.14488624362
2014-07-29,152871.65107106857
2014-07-30,153009.3934848578
2014-07-31,150263.20565103958
2014-08-01,149895.6860990063
2014-08-04,150762.40637520337
2014-08-05,149668.50805939615
2014-08-06,149742.30771424467
2014-08-07,149332.9505639996
2014-08-08,150410.5021107229
2014-08-11,150991.95801733763
2014-08-12,150789.88403742076
2014-08-13,152005.33848795402
2014-08-14,152660.6550835192
2014-08-15,153081.8511572603
2014-08-18,153950.0894629769
2014-08-19,154622.20611191096
2014-08-20,154730.67021433936
2014-08-21,155014.02261545474
2014-08-22,155104.4104773682
2014-08-25,155659.69046244057
2014-08-26,155767.58949746875
2014-08-27,155827.50490393167
2014-08-28,155786.98439925894
2014-08-29,156231.59595414164
2014-09-02,156421.67943198737
2014-09-03,155907.1410277337
2014-09-04,155743.50416463934
2014-09-05,156366.13649211754
2014-09-08,156365.3171574714
2014-09-09,155352.3103723344
2014-09-10,156190.68982373754
2014-09-11,156173.0230954669
2014-09-12,155441.62969202152
2014-09-15,154621.78370545342
2014-09-16,155691.58622349187
2014-09-17,155867.74163993276
2014-09-18,156734.2557503063
2014-09-19,156621.61733013578
2014-09-22,155452.22701845807
2014-09-23,154918.62376137634
2014-09-24,156163.8529733461
2014-09-25,153616.919916218
2014-09-26,154850.73329178462
2014-09-29,154636.13991410207
2014-09-30,154497.16516774672
2014-10-01,152698.2465606503
2014-10-02,152580.62133247053
2014-10-03,153929.64665249488
2014-10-06,153699.653445301
2014-10-07,151882.44759762334
2014-10-08,154285.8357359165
2014-10-09,151920.34306586516
2014-10-10,149493.94170527003
2014-10-13,147501.49515543575
2014-10-14,147629.4692310501
2014-10-15,146776.8729373683
2014-10-16,146224.38787302343
2014-10-17,147751.42277192193
2014-10-20,149374.2224098471
2014-10-21,152358.2001375794
2014-10-22,151562.64229641118
2014-10-23,153231.06610161567
2014-10-24,154232.44264728655
2014-10-27,154182.47570775572
2014-10-28,155906.44738975848
2014-10-29,155551.75104377978
2014-10-30,156000.3893862923
2014-10-31,157639.02993637024
2014-11-03,157893.41115675797
2014-11-04,157389.04065064006
2014-11-05,157658.8551660581
2014-11-06,158137.3891372892
2014-11-07,158270.35009115917
2014-11-10,158545.48597760755
2014-11-11,158884.99620352063
2014-11-12,158950.29221247206
2014-11-13,159316.30811770773
2014-11-14,159722.81893179385
2014-11-17,159501.2389370549
2014-11-18,160412.23361324816
2014-11-19,159839.34525962485
2014-11-20,160377.8032758734
2014-11-21,160982.00086319668
2014-11-24,161708.85521746453
2014-11-25,161819.47575635163
2014-11-26,162455.79768526508
2014-11-28,162604.4823306181
2014-12-01,161265.8669767807
2014-12-02,161934.35313973518
2014-12-03,162280.5563492172
2014-12-04,162164.656377003
2014-12-05,162247.20120285125
2014-12-08,161274.01431887914
2014-12-09,161480.74595022172
2014-12-10,159290.4029588425
2014-12-11,159934.96079698787
2014-12-12,158152.7775602797
2014-12-15,156935.42000604307
2014-12-16,155208.5040377457
2014-12-17,157669.04923351182
2014-12-18,160914.76412345594
2014-12-19,161493.16956869376
2014-12-22,161935.47918452384
2014-12-23,161701.9922099079
2014-12-24,161762.9438204449
2014-12-26,162510.06465224546
2014-12-29,162552.8774433635
2014-12-30,161688.09142245632
2014-12-31,160237.65084844246
2015-01-02,160116.28840756492
2015-01-05,158123.8594678344
2015-01-06,156738.2029714574
2015-01-07,158382.94794346223
2015-01-08,160762.11075714647
2015-01-09,159892.9086850309
2015-01-12,158656.67398337452
2015-01-13,158460.63848499538
2015-01-14,157750.43543997945
2015-01-15,156458.7948218528
2015-01-16,158096.49887433945
2015-01-20,159023.30399934953
2015-01-21,159581.6480249489
2015-01-22,161988.4104935886
2015-01-23,161998.8099610871
2015-01-26,161918.99196761634
2015-01-27,159050.37880952423
2015-01-28,158052.7992262545
2015-01-29,159139.02288555948
2015-01-30,158155.90971078599
2015-02-02,159508.7261468307
2015-02-03,161059.35277228526
2015-02-04,160763.56739118908
2015-02-05,162009.25779055027
2015-02-06,161339.6603145119
2015-02-09,160815.30350396273
2015-02-10,162658.86216216945
2015-02-11,162977.2275652296
2015-02-12,164462.18668672213
2015-02-13,165396.62886813004
2015-02-17,165548.08163551445
2015-02-18,165655.83255610213
2015-02-19,166017.54429685412
2015-02-20,166906.36123897563
2015-02-23,166968.60113235196
2015-02-24,167176.60148247387
2015-02-25,166900.2396333779
2015-02-26,167249.274426278
2015-02-27,166663.48603263925
2015-03-02,167773.6054413438
2015-03-03,167124.41627484592
2015-03-04,166540.00109730952
2015-03-05,166734.7108968543
2015-03-06,164958.61246317712
2015-03-09,165417.97995023624
2015-03-10,162923.38551812523
2015-03-11,162298.52557097003
2015-03-12,163527.86527372265
2015-03-13,162808.58655403426
2015-03-16,164604.48311211707
2015-03-17,164556.04082181567
2015-03-18,166037.39178916256
2015-03-19,165889.38249551327
2015-03-20,166918.95526027415
2015-03-23,166627.54526726756
2015-03-24,165987.2290221272
2015-03-25,163206.9260595989
2015-03-26,162774.95757168336
2015-03-27,163217.74047053553
2015-03-30,164833.5896362142
2015-03-31,163436.59898132164
2015-04-01,163018.78800688635
2015-04-02,163078.52500936674
2015-04-06,164090.42625414094
2015-04-07,163946.85591054556
2015-04-08,164726.06224815972
2015-04-09,165458.7243544528
2015-04-10,166211.6996183893
2015-04-13,165706.20081016596
2015-04-14,165512.50776156783
2015-04-15,166317.50825687536
2015-04-16,166062.375527033
2015-04-17,164157.24867797928
2015-04-20,165851.0864916498
2015-04-21,166117.85569308314
2015-04-22,166669.31839644336
2015-04-23,167142.7423981504
2015-04-24,168351.24390372407
2015-04-27,167949.78513976213
2015-04-28,167824.5071026526
2015-04-29,166837.96040482077
2015-04-30,164799.25258270683
2015-05-01,166427.8315522862
2015-05-04,166713.9898442006
2015-05-05,164659.57543868382
2015-05-06,163594.9356296328
2015-05-07,164372.99440685724
2015-05-08,166208.8089266976
2015-05-11,165415.44406803913
2015-05-12,164881.55563662382
2015-05-13,164992.26549372144
2015-05-14,166821.7857810452
2015-05-15,167015.00141765623
2015-05-18,167513.26853274705
2015-05-19,167313.25118280356
2015-05-20,167346.87408664162
2015-05-21,168041.8612100386
2015-05-22,167868.0251424928
2015-05-26,166372.17826933684
2015-05-27,168246.8427871913
2015-05-28,167945.45106028116
2015-05-29,167100.00525721512
2015-06-01,167486.15073206244
2015-06-02,167142.75503672837
2015-06-03,167532.8298717991
2015-06-04,166385.47794303758
2015-06-05,166071.13923573814
2015-06-08,164847.7828736622
2015-06-09,164684.00051278938
2015-06-10,166490.50634135303
2015-06-11,166781.0716337427
2015-06-12,165632.76888929305
2015-06-15,164956.0535793718
2015-06-16,165704.6711012306
2015-06-17,166012.8476079897
2015-06-18,167817.75638202007
2015-06-19,167125.14731537932
2015-06-22,168028.46162225015
2015-06-23,168122.3719148714
2015-06-24,167249.9209095625
2015-06-25,166890.6878350547
2015-06-26,166298.98101693095
2015-06-29,163094.73742459287
2015-06-30,163601.4189984354
2015-07-01,164653.68006232812
2015-07-02,164571.6566270898
2015-07-06,164126.13325435948
2015-07-07,164611.1281816224
2015-07-08,162175.70715378388
2015-07-09,162271.06282806475
2015-07-10,164137.8366647021
2015-07-13,166267.8606505124
2015-07-14,167012.73731571212
2015-07-15,167043.0401885236
2015-07-16,168708.37645337798
2015-07-17,169942.17229964753
2015-07-20,169957.23020459793
2015-07-21,169599.1566713126
2015-07-22,168425.0155150386
2015-07-23,167680.8412020085
2015-07-24,166290.62759510305
2015-07-27,165047.754802525
2015-07-28,166488.72503661583
2015-07-29,167255.36936858276
2015-07-30,167633.69444471825
2015-07-31,167349.42559103592
2015-08-03,166806.7594992684
2015-08-04,166579.88289709797
2015-08-05,167326.96979308795
2015-08-06,165507.8403976836
2015-08-07,165303.80398446668
2015-08-10,167035.38742978504
2015-08-11,165407.18834967286
2015-08-12,165628.0590097621
2015-08-13,165350.06480477133
2015-08-14,165659.59442507173
2015-08-17,166677.25969795743
2015-08-18,166006.82451086675
2015-08-19,164923.30890368955
2015-08-20,161464.94623691312
2015-08-21,156014.0540951308
2015-08-24,150359.74432125827
2015-08-25,149446.07990676243
2015-08-26,155171.65948116235
2015-08-27,158782.3289729169
2015-08-28,159007.03991365287
2015-08-31,157541.8480331312
2015-09-01,153349.51718109596
2015-09-02,156514.12306772848
2015-09-03,156206.3805204342
2015-09-04,154448.53730314286
2015-09-08,157856.28318295578
2015-09-09,156160.98320209156
2015-09-10,157247.66672593725
2015-09-11,157908.65403237028
2015-09-14,157438.21852761932
2015-09-15,158933.99533942202
2015-09-16,159892.95765780672
2015-09-17,159806.87735682615
2015-09-18,157951.6533576415
2015-09-21,158404.9677874367
2015-09-22,156577.28098218716
2015-09-23,156537.93502859332
2015-09-24,156169.96123416358
2015-09-25,155405.3206513639
2015-09-28,151825.1361657139
2015-09-29,151439.61536891115
2015-09-30,154142.37374873797
2015-10-01,154624.67295391933
2015-10-02,156909.62844467975
2015-10-05,158919.760288493
2015-10-06,158395.71368842546
2015-10-07,159282.5526274784
2015-10-08,159982.37163021712
2015-10-09,160427.97530218854
2015-10-12,160691.77968833558
2015-10-13,159807.44390726232
2015-10-14,159472.0769613484
2015-10-15,161624.56990381225
2015-10-16,162188.84824123155
2015-10-19,162617.77706934942
2015-10-20,162087.22697893926
2015-10-21,161245.69211526721
2015-10-22,163990.75995821445
2015-10-23,166922.9054506393
2015-10-26,166828.69202574497
2015-10-27,166902.68989548023
2015-10-28,168294.43308130282
2015-10-29,167882.452572336
2015-10-30,167263.8131255086
2015-11-02,168883.9841161818
2015-11-03,169334.85251841246
2015-11-04,169151.42032128276
2015-11-05,168845.2371984956
2015-11-06,168858.96041906846
2015-11-09,167391.7333893972
2015-11-10,167288.92947078255
2015-11-11,166943.71527308755
2015-11-12,165307.51352051162
2015-11-13,163005.10825281354
2015-11-16,165028.0164899542
2015-11-17,165024.0873263568
2015-11-18,167513.8715812119
2015-11-19,167508.78610977434
2015-11-20,168278.74514289544
2015-11-23,167949.5319713117
2015-11-24,167934.8027921723
2015-11-25,167985.5779019672
2015-11-27,168154.94990336886
2015-11-30,167754.61493140625
2015-12-01,169239.5924655957
2015-12-02,167997.85964791197
2015-12-03,165366.1685671135
2015-12-04,168660.5853153766
2015-12-07,167874.9908382267
2015-12-08,167450.60992476603
2015-12-09,165573.24514490887
2015-12-10,166135.47880169956
2015-12-11,163154.9218157464
2015-12-14,163895.82896227585
2015-12-15,164966.4081371127
2015-12-16,167055.27852332965
2015-12-17,164976.01084128112
2015-12-18,162417.57687451827
2015-12-21,163783.57518702044
2015-12-22,164716.7064199337
2015-12-23,166008.50390459754
2015-12-24,165939.77069656603
2015-12-28,165687.1276750485
2015-12-29,167542.9963828179
2015-12-30,166282.90140813676
2015-12-31,164743.7800713829
2016-01-04,162306.31066796902
2016-01-05,162233.62376412656
2016-01-06,160870.1954986079
2016-01-07,156974.74767138337
2016-01-08,155741.44435787247
2016-01-11,155848.46570614286
2016-01-12,157289.9487623142
2016-01-13,153266.10537487912
2016-01-14,155635.08411952178
2016-01-15,152148.7474489712
2016-01-19,152333.99562928049
2016-01-20,151560.1087823371
2016-01-21,151877.0451361695
2016-01-22,155213.87692974365
2016-01-25,153252.542961681
2016-01-26,154740.97784730842
2016-01-27,152225.08623305478
2016-01-28,153533.92395846755
2016-01-29,156617.3722327079
2016-02-01,156797.8484096885
2016-02-02,154091.07262202704
2016-02-03,154013.33020967324
2016-02-04,154072.91517589337
2016-02-05,150331.363109926
2016-02-08,148456.80017072006
2016-02-09,148210.17840001936
2016-02-10,148442.7829749012
2016-02-11,147662.36273447325
2016-02-12,149829.80201269715
2016-02-16,152398.05569626784
2016-02-17,154990.04230498293
2016-02-18,153857.0212863853
2016-02-19,154050.0189915533
2016-02-22,156069.09824174317
2016-02-23,154073.77589226436
2016-02-24,155049.00315863223
2016-02-25,156451.36814051046
2016-02-26,156213.73372637303
2016-02-29,155257.9865367723
2016-03-01,158837.7609333847
2016-03-02,159208.2150195939
2016-03-03,159425.74496942916
2016-03-04,159589.60460013786
2016-03-07,159196.5383131148
2016-03-08,157922.48136221326
2016-03-09,158606.5805341964
2016-03-10,158583.94516205677
2016-03-11,160622.2257081128
2016-03-14,160571.42305769722
2016-03-15,160434.36219603507
2016-03-16,161689.7186108405
2016-03-17,161954.03459855457
2016-03-18,162282.95741281638
2016-03-21,162568.0459800458
2016-03-22,162835.21724112425
2016-03-23,161606.45014005076
2016-03-24,161556.66539771302
2016-03-28,161487.91423788428
2016-03-29,163510.20853768167
2016-03-30,163904.81255919934
2016-03-31,163717.45786526968
2016-04-01,164883.27608105433
2016-04-04,164266.31003145964
2016-04-05,163092.1760172215
2016-04-06,164953.01663926546
2016-04-07,163288.85320328854
2016-04-08,163341.07650412963
2016-04-11,163018.69439408998
2016-04-12,164219.92235457108
2016-04-13,165810.7679332604
2016-04-14,165622.51798128636
2016-04-15,165440.39815193473
2016-04-18,166223.22190194266
2016-04-19,166028.38214836456
2016-04-20,166079.07718106455
2016-04-21,165749.72978638424
2016-04-22,164329.27168835147
2016-04-25,164197.37399975353
2016-04-26,163880.41434505882
2016-04-27,163427.05295997375
2016-04-28,162089.11300903745
2016-04-29,161537.82338487852
2016-05-02,162738.0829253571
2016-05-03,161470.94201497364
2016-05-04,160619.49535362734
2016-05-05,160569.98630575096
2016-05-06,161191.0005836474
2016-05-09,161454.34137990043
2016-05-10,163249.01009381385
2016-05-11,161961.66471686529
2016-05-12,161597.0573201861
2016-05-13,160799.1669477429
2016-05-16,162349.1090840215
2016-05-17,160779.64260155923
2016-05-18,161075.5831157626
2016-05-19,160443.50190464177
2016-05-20,161673.99953890208
2016-05-23,161475.1314058634
2016-05-24,163820.92534721558
2016-05-25,164783.81214975766
2016-05-26,165030.2032419938
2016-05-27,165693.44266707412
2016-05-31,165761.8460052264
2016-06-01,165925.7355420958
2016-06-02,166301.55935107832
2016-06-03,166095.4364691707
2016-06-06,166682.31889360223
2016-06-07,166594.3360134255
2016-06-08,167175.30189483322
2016-06-09,167048.55399678086
2016-06-10,165559.9194453548
2016-06-13,164505.08735348642
2016-06-14,164367.2570189713
2016-06-15,164102.65044702473
2016-06-16,164347.06913327184
2016-06-17,163325.75438639408
2016-06-20,164085.47751715314
2016-06-21,164243.9138048793
2016-06-22,163911.34893381878
2016-06-23,165693.00468742408
2016-06-24,160825.5839698625
2016-06-27,158446.31467145335
2016-06-28,161151.0415309907
2016-06-29,163570.6489316924
2016-06-30,165331.57065487787
2016-07-01,166165.99144635582
2016-07-05,165278.009217167
2016-07-06,166372.64006579874
2016-07-07,166398.61312936503
2016-07-08,168704.640918061
2016-07-11,169206.806611724
2016-07-12,169844.69267954107
2016-07-13,169724.1411543841
2016-07-14,170446.2322169996
2016-07-15,170103.647649448
2016-07-18,170803.94972304915
2016-07-19,170449.45001821773
2016-07-20,171469.0885359164
2016-07-21,171172.1329300663
2016-07-22,171718.64728432836
2016-07-25,171413.2194212055
2016-07-26,171554.83781932047
2016-07-27,172283.29696975945
2016-07-28,172581.27820101078
2016-07-29,173031.2838157447
2016-08-01,173433.00574465192
2016-08-02,172366.57003094006
2016-08-03,172811.8184259033
2016-08-04,173109.8710990574
2016-08-05,174421.81973433838
2016-08-08,174270.66352457085
2016-08-09,174494.9406575685
2016-08-10,174102.98349802947
2016-08-11,174741.61963251434
2016-08-12,174734.0316149455
2016-08-15,175268.7491307802
2016-08-16,174450.87480328974
2016-08-17,174705.2804977872
2016-08-18,174844.53009249084
2016-08-19,174718.01051835605
2016-08-22,174766.87828226082
2016-08-23,175029.2060114258
2016-08-24,174130.8776806594
2016-08-25,173928.8973577966
2016-08-26,173930.11658520013
2016-08-29,174326.11808332684
2016-08-30,173922.69505258626
2016-08-31,173447.0565594875
2016-09-01,173565.68540875454
2016-09-02,174216.05002756513
2016-09-06,175119.65987124195
2016-09-07,175225.38619999142
2016-09-08,174612.9945784818
2016-09-09,170615.8612156503
2016-09-12,172985.9866062539
2016-09-13,171088.24252109672
2016-09-14,171410.90753170804
2016-09-15,173317.9666317324
2016-09-16,173116.98237775778
2016-09-19,172699.3789828695
2016-09-20,172923.69611832718
2016-09-21,174691.12035207584
2016-09-22,175886.27363924924
2016-09-23,174844.3834666772
2016-09-26,173712.43950660824
2016-09-27,174860.20461775397
2016-09-28,175503.0376003029
2016-09-29,174377.37448539262
2016-09-30,175432.53427183992
2016-10-03,175203.13039129777
2016-10-04,174395.7251893667
2016-10-05,174985.7285884062
2016-10-06,174897.36489132428
2016-10-07,174458.3109044462
2016-10-10,175438.09711959536
2016-10-11,173298.32242802292
2016-10-12,173233.50304219846
2016-10-13,172805.70794852407
2016-10-14,172828.94772449636
2016-10-17,172428.90776708856
2016-10-18,173649.46900133343
2016-10-19,173900.8723402559
2016-10-20,173563.42987942926
2016-10-21,173968.99099950027
2016-10-24,175239.82501742893
2016-10-25,174763.65263084677
2016-10-26,173872.66297024148
2016-10-27,173318.2123381405
2016-10-28,172514.10612165634
2016-10-31,172323.50194119287
2016-11-01,171247.21972603523
2016-11-02,170071.72802198504
2016-11-03,168858.53060279883
2016-11-04,168434.62883718364
2016-11-07,171738.67155675852
2016-11-08,172533.02020129625
2016-11-09,173420.94169392536
2016-11-10,171938.4891860902
2016-11-11,171554.44192818986
2016-11-14,170701.2206056707
2016-11-15,172632.626743747
2016-11-16,172961.64937971978
2016-11-17,173865.3850577764
2016-11-18,173460.14811235698
2016-11-21,175092.43917862355
2016-11-22,175458.57608612053
2016-11-23,175130.59997103832
2016-11-25,175523.12786962354
2016-11-28,175103.23643175693
2016-11-29,175293.83340030778
2016-11-30,174235.32133410356
2016-12-01,172516.7856163937
2016-12-02,172782.96848300615
2016-12-05,173746.4886845389
2016-12-06,174127.90352578968
2016-12-07,175958.74590299372
2016-12-08,176313.22860187636
2016-12-09,177360.69995738307
2016-12-12,176881.22170859075
2016-12-13,178427.31308001227
2016-12-14,177638.0401535221
2016-12-15,178060.27879601237
2016-12-16,177617.234580337
2016-12-19,178144.1478090497
2016-12-20,178712.10824515286
2016-12-21,178394.13821329924
2016-12-22,177999.45758125416
2016-12-23,178161.2059086334
2016-12-27,178905.4230175466
2016-12-28,177743.392765224
2016-12-29,177613.95978827853
2016-12-30,176399.6345963115
2017-01-03,177646.34844034718
2017-01-04,178481.22695548038
2017-01-05,178930.854301488
2017-01-06,179931.5623216852
2017-01-09,180013.33898079977
2017-01-10,180198.67004354342
2017-01-11,180601.8578926694
2017-01-12,180287.96759060494
2017-01-13,180725.949866514
2017-01-17,180215.16493946602
2017-01-18,180520.34168791358
2017-01-19,180230.72174677916
2017-01-20,180640.29184740005
2017-01-23,180537.8575576677
2017-01-24,181533.59394139482
2017-01-25,182982.32006838467
2017-01-26,182996.37593332303
2017-01-27,183059.50020123622
2017-01-30,181928.57833467203
2017-01-31,181810.9233218499
2017-02-01,182548.72686200807
2017-02-02,182532.47470650144
2017-02-03,183212.61140201453
2017-02-06,183223.34610006848
2017-02-07,183551.91590596136
2017-02-08,183875.77368656686
2017-02-09,184583.98163852433
2017-02-10,185266.46063735653
2017-02-13,185973.5533296157
2017-02-14,186546.01550036823
2017-02-15,187431.7746071225
2017-02-16,187256.27511490913
2017-02-17,187770.8834497552
2017-02-21,188628.2236413663
2017-02-22,188525.51450253313
2017-02-23,188264.22389364717
2017-02-24,188574.07947542865
2017-02-27,188701.33219907622
2017-02-28,188254.44119068465
2017-03-01,190241.04619074956
2017-03-02,189159.23936895776
2017-03-03,189307.51042499917
2017-03-06,188860.3122570186
2017-03-07,188408.8693221118
2017-03-08,188238.33918609683
2017-03-09,188229.3741175137
2017-03-10,188705.30282167185
2017-03-13,188869.75133019642
2017-03-14,188359.35090540315
2017-03-15,189569.01731389773
2017-03-16,189316.38875678473
2017-03-17,189214.78359893683
2017-03-20,189250.11659691978
2017-03-21,186898.93928446533
2017-03-22,187687.25865282415
2017-03-23,187343.94858514445
2017-03-24,187520.57261319263
2017-03-27,187562.81921398162
2017-03-28,188664.43176624502
2017-03-29,189284.1329262633
2017-03-30,189676.25603641433
2017-03-31,189474.9339094531
2017-04-03,189311.45528509494
2017-04-04,189582.44588382228
2017-04-05,188999.62237331585
2017-04-06,189236.49374448278
2017-04-07,189177.9259029178
2017-04-10,189292.3146032866
2017-04-11,188871.49516779833
2017-04-12,188181.2572144894
2017-04-13,187468.41353632594
2017-04-17,188702.84091726027
2017-04-18,188281.75448625558
2017-04-19,188125.61878726087
2017-04-20,189401.44431726128
2017-04-21,189096.75665149122
2017-04-24,190763.22305345951
2017-04-25,191742.21364847486
2017-04-26,191570.4058550096
2017-04-27,192142.50954738224
2017-04-28,192142.6543969974
2017-05-01,193160.745008106
2017-05-02,193332.04933483442
2017-05-03,192917.89640895854
2017-05-04,193012.27143250543
2017-05-05,193611.2187291032
2017-05-08,193796.94821804474
2017-05-09,194061.99839091056
2017-05-10,194219.09341879195
2017-05-11,193986.77681558483
2017-05-12,194079.65277967733
2017-05-15,194739.68641879788
2017-05-16,195074.63562137354
2017-05-17,191349.37183510244
2017-05-18,192446.51186170318
2017-05-19,193268.28564731925
2017-05-22,194412.8654306246
2017-05-23,194640.27457545797
2017-05-24,195232.48092294871
2017-05-25,196378.66777897216
2017-05-26,196523.5667430692
2017-05-30,196531.75444870075
2017-05-31,196458.97687413116
2017-06-01,197335.13841188347
2017-06-02,198838.61154717946
2017-06-05,198673.9321724457
2017-06-06,198253.5018580092
2017-06-07,198571.19004681555
2017-06-08,198600.56019986485
2017-06-09,195866.8560919272
2017-06-12,195220.7638411971
2017-06-13,196368.9021973815
2017-06-14,195796.3004401845
2017-06-15,195186.10564764254
2017-06-16,194783.8679624766
2017-06-19,196851.47192915634
2017-06-20,195595.10468108946
2017-06-21,196530.21036421193
2017-06-22,196521.4966446382
2017-06-23,197029.8383135001
2017-06-26,196530.3341461538
2017-06-27,194140.70355161495
2017-06-28,196148.26254574605
2017-06-29,193686.62385534807
2017-06-30,193845.9166217645
2017-07-03,192744.72694374944
2017-07-05,193848.55103447102
2017-07-06,192234.97580407505
2017-07-07,193509.3010120872
2017-07-10,194252.62918257058
2017-07-11,194501.00131864983
2017-07-12,196243.97346235072
2017-07-13,196481.1809036926
2017-07-14,197667.25798543834
2017-07-17,197756.77873971534
2017-07-18,198588.85072655234
2017-07-19,199571.4457341546
2017-07-20,199718.20341893382
2017-07-21,199677.02151538664
2017-07-24,200086.36387018766
2017-07-25,199858.23246001572
2017-07-26,200279.12004258184
2017-07-27,199542.06837187332
2017-07-28,199480.82790094303
2017-07-31,199032.2396465329
2017-08-01,199388.21500390017
2017-08-02,199666.736369973
2017-08-03,199179.88070013784
2017-08-04,199337.28851451268
2017-08-07,200095.03336190552
2017-08-08,199743.64207921608
2017-08-09,199819.45435813558
2017-08-10,196724.88903788084
2017-08-11,197635.23709787792
2017-08-14,199410.78319137296
2017-08-15,199308.97563594123
2017-08-16,199679.1267513345
2017-08-17,196670.0393245358
2017-08-18,196550.71661280014
2017-08-21,196442.34949207166
2017-08-22,198590.25145895223
2017-08-23,198114.3969325051
2017-08-24,197573.38244948132
2017-08-25,197540.2770062018
2017-08-28,198014.33700684246
2017-08-29,198476.1831062476
2017-08-30,199932.074660195
2017-08-31,201714.43486643233
2017-09-01,201590.3956740935
2017-09-05,200444.44673216625
2017-09-06,200905.90580849917
2017-09-07,201310.47760209374
2017-09-08,200209.21852374004
2017-09-11,201854.7796388265
2017-09-12,202291.37550350168
2017-09-13,202375.61575487023
2017-09-14,201812.9043346355
2017-09-15,202216.48036856757
2017-09-18,202053.16498397835
2017-09-19,202247.9515331959
2017-09-20,201946.29507772476
2017-09-21,201004.08573382426
2017-09-22,200995.92431233465
2017-09-25,200046.6542490992
2017-09-26,200166.9119637245
2017-09-27,201058.4534058528
2017-09-28,201058.23418574795
2017-09-29,201964.45411954494
2017-10-02,202334.99314623233
2017-10-03,202682.53490304193
2017-10-04,202843.94412822806
2017-10-05,204246.11628133396
2017-10-06,204288.655649658
2017-10-09,204034.3802750026
2017-10-10,204275.36112274232
2017-10-11,204675.34785345252
2017-10-12,204361.57485997977
2017-10-13,204828.56400372743
2017-10-16,205260.8847832882
2017-10-17,205423.95024931218
2017-10-18,205345.99602523274
2017-10-19,204958.40153574658
2017-10-20,205580.1964035382
2017-10-23,204604.68333277784
2017-10-24,204883.81059819076
2017-10-25,204123.84367899547
2017-10-26,203862.08833361842
2017-10-27,207437.1335963935
2017-10-30,207392.2689583652
2017-10-31,207892.9694086848
2017-11-01,208010.10932817907
2017-11-02,207938.57073021476
2017-11-03,209255.5713366189
2017-11-06,210028.74246207147
2017-11-07,209967.41015299954
2017-11-08,210476.7578323681
2017-11-09,209643.37888423557
2017-11-10,209374.85585148007
2017-11-13,209546.2909273384
2017-11-14,208857.44620464806
2017-11-15,208059.19564029019
2017-11-16,209879.75804116132
2017-11-17,209581.74851966632
2017-11-20,209432.15558182882
2017-11-21,211159.17438825202
2017-11-22,211341.38304371183
2017-11-24,211863.71023909686
2017-11-27,211752.70146927022
2017-11-28,212709.95468018303
2017-11-29,210532.59217107669
2017-11-30,211896.59849159676
2017-12-01,211528.85478674356
2017-12-04,210016.438059453
2017-12-05,209817.01836957198
2017-12-06,210109.8120742912
2017-12-07,210567.1628517975
2017-12-08,211480.45053003385
2017-12-11,212500.493941324
2017-12-12,212359.00724661822
2017-12-13,212587.58630706387
2017-12-14,212266.0714991949
2017-12-15,214138.2097781374
2017-12-18,215488.62997538003
2017-12-19,214502.56682397827
2017-12-20,214304.40451033282
2017-12-21,214519.7085111925
2017-12-22,214459.03687627902
2017-12-26,214021.17181903613
2017-12-27,214224.229815756
2017-12-28,214563.44326533246
2017-12-29,213673.19323391022
2018-01-02,216082.57889643006
2018-01-03,217597.23402308763
2018-01-04,218082.29635493146
2018-01-05,219672.40780192765
2018-01-08,220223.81660644722
2018-01-09,220379.00202706092
2018-01-10,219980.45245666255
2018-01-11,221272.8137790005
2018-01-12,222571.25711521003
2018-01-16,221966.84121434923
2018-01-17,223886.43227691052
2018-01-18,223757.60159981062
2018-01-19,224440.07371047392
2018-01-22,226263.79618451535
2018-01-23,227359.42208926202
2018-01-24,226555.0353302303
2018-01-25,226524.7270407116
2018-01-26,229165.06725425995
2018-01-29,228058.9509084095
2018-01-30,226284.40832947666
2018-01-31,226899.58371106721
2018-02-01,225859.21486844143
2018-02-02,221472.83993054958
2018-02-05,213826.14909141226
2018-02-06,217917.4608960985
2018-02-07,215824.9510549355
2018-02-08,208281.99269036148
2018-02-09,210924.37602417363
2018-02-12,214007.30935950315
2018-02-13,214820.30748510873
2018-02-14,218103.46895676278
2018-02-15,221137.06092585533
2018-02-16,220684.51326567895
2018-02-20,220317.47738779552
2018-02-21,219474.27000573283
2018-02-22,219714.14113687785
2018-02-23,223314.71010080018
2018-02-26,225779.3483397188
2018-02-27,223143.24055842665
2018-02-28,221509.96566833946
2018-03-01,218551.02458392977
2018-03-02,219934.75202733607
2018-03-05,222075.0617991332
2018-03-06,222865.89076151606
2018-03-07,222862.76317865273
2018-03-08,223791.32495423453
2018-03-09,227420.46787905408
2018-03-12,227904.1921860289
2018-03-13,225777.42490049853
2018-03-14,225367.8713994556
2018-03-15,225115.5409712532
2018-03-16,224865.20311740175
2018-03-19,221255.70460403146
2018-03-20,221803.60291349303
2018-03-21,221509.3291865622
2018-03-22,216717.0844507371
2018-03-23,212430.85833993883
2018-03-26,218427.76061755518
2018-03-27,213489.85754137
2018-03-28,211882.50651715178
2018-03-29,214889.6663790437
2018-04-02,210130.03215269835
2018-04-03,212231.48178776255
2018-04-04,214690.00516292147
2018-04-05,215869.14187317222
2018-04-06,211457.82809468755
2018-04-09,212549.15558699978
2018-04-10,216069.4613271666
2018-04-11,215027.8426624776
2018-04-12,216929.08256892834
2018-04-13,216118.99984956882
2018-04-16,217542.45725148328
2018-04-17,220700.95402260352
2018-04-18,220965.67311295817
2018-04-19,219491.7379939547
2018-04-20,217066.15727517815
2018-04-23,216754.51725083517
2018-04-24,213399.04277721143
2018-04-25,213688.32704740114
2018-04-26,216700.7079781918
2018-04-27,216817.21737774304
2018-04-30,215458.68924331493
2018-05-01,216680.48314029133
2018-05-02,215515.85889725699
2018-05-03,215466.656925478
2018-05-04,218601.7516214362
2018-05-07,219749.83681455854
2018-05-08,219659.00466004436
2018-05-09,221639.67616305445
2018-05-10,223668.1908169835
2018-05-11,223685.92657887688
2018-05-14,223921.13824725564
2018-05-15,221906.90450539603
2018-05-16,222992.17932742604
2018-05-17,222459.99429185153
2018-05-18,221738.8116443208
2018-05-21,223028.100935317
2018-05-22,222644.48159300722
2018-05-23,223935.72157262856
2018-05-24,223772.75527366804
2018-05-25,223513.28553966293
2018-05-29,222155.75192424416
2018-05-30,224069.98882485495
2018-05-31,223442.31091939134
2018-06-01,225831.78130665093
2018-06-04,227016.8079990319
2018-06-05,227455.19038671133
2018-06-06,228750.10586331997
2018-06-07,227834.04914797406
2018-06-08,228042.4347952609
2018-06-11,228443.51805846643
2018-06-12,229125.93337742734
2018-06-13,228904.96792812075
2018-06-14,230280.0501394423
2018-06-15,229292.97106236275
2018-06-18,229146.32308773656
2018-06-19,228383.82428337206
2018-06-20,229253.26037008283
2018-06-21,227600.1383717156
2018-06-22,227712.6747744328
2018-06-25,223829.19054671263
2018-06-26,224597.01035449226
2018-06-27,222508.81182381138
2018-06-28,223868.99502328096
2018-06-29,224350.2580149468
2018-07-02,225258.3395732956
2018-07-03,223636.50622488445
2018-07-05,225651.006629055
2018-07-06,228068.44287479483
2018-07-09,229791.21799864713
2018-07-10,230136.2641531733
2018-07-11,228946.08133090165
2018-07-12,231641.74715124938
2018-07-13,231780.23007451714
2018-07-16,231404.43898479672
2018-07-17,232418.35220905754
2018-07-18,232338.69213291642
2018-07-19,231425.7095474956
2018-07-20,231287.14111953057
2018-07-23,231786.69798709181
2018-07-24,232648.15474728547
2018-07-25,234958.28642670752
2018-07-26,232931.63886984964
2018-07-27,230769.2032262219
2018-07-30,228674.03824495728
2018-07-31,229943.4867591072
2018-08-01,230021.15672492937
2018-08-02,232150.7419362033
2018-08-03,232923.8739037157
2018-08-06,233917.76526687547
2018-08-07,234627.0136928375
2018-08-08,234587.89612269774
2018-08-09,234478.869296928
2018-08-10,233158.03225127136
2018-08-13,232589.860231715
2018-08-14,233876.5074069653
2018-08-15,231554.0377164977
2018-08-16,232624.89071819422
2018-08-17,232921.10314754705
2018-08-20,233012.50203784218
2018-08-21,233535.07492206016
2018-08-22,234073.82657686603
2018-08-23,233822.81439728505
2018-08-24,235475.4634100675
2018-08-27,237262.7754451843
2018-08-28,237341.89504793184
2018-08-29,239270.7992311837
2018-08-30,238693.57282963817
2018-08-31,238884.65209641837
2018-09-04,238140.63659321886
2018-09-05,236230.44787426354
2018-09-06,234860.08320719854
2018-09-07,234215.57463473937
2018-09-10,234766.30257639123
2018-09-11,235993.4158248663
2018-09-12,235704.4705208
2018-09-13,237283.1348603552
2018-09-14,236846.05094009842
2018-09-17,234595.57903305072
2018-09-18,236037.44726720874
2018-09-19,236041.23435763345
2018-09-20,237943.20780973628
2018-09-21,237225.88823383432
2018-09-24,237411.3879774036
2018-09-25,237512.1046581548
2018-09-26,237321.98964748497
2018-09-27,238673.3575848787
2018-09-28,238779.11230143523
2018-10-01,239287.2428114679
2018-10-02,238941.51868952162
2018-10-03,239094.29471036367
2018-10-04,236094.84581813033
2018-10-05,234150.61994483083
2018-10-08,233398.9453452245
2018-10-09,233646.2678331087
2018-10-10,225867.90418700202
2018-10-11,222725.86877647656
2018-10-12,226917.43714961005
2018-10-15,225061.39498023246
2018-10-16,230052.22176467846
2018-10-17,230090.35234201138
2018-10-18,226218.1060691605
2018-10-19,226048.05834412688
2018-10-22,226274.29500463535
2018-10-23,225436.1851528659
2018-10-24,217830.26098147666
2018-10-25,222981.3291328259
2018-10-26,218701.37322465703
2018-10-29,215972.87596162932
2018-10-30,218855.36993948743
2018-10-31,222091.27202513214
2018-11-01,224284.70632130644
2018-11-02,221920.38129264145
2018-11-05,222056.76666602292
2018-11-06,223296.55216044592
2018-11-07,228443.60140771297
2018-11-08,227568.41095343986
2018-11-09,224825.44978665785
2018-11-12,220051.70176206378
2018-11-13,219752.8218331129
2018-11-14,218411.42262843304
2018-11-15,221131.68195679472
2018-11-16,220936.31036363472
2018-11-19,216003.8220674473
2018-11-20,212524.61041658025
2018-11-21,213629.35556177213
2018-11-23,212180.90895504536
2018-11-26,215854.98364897858
2018-11-27,216454.21776415413
2018-11-28,221559.20399957555
2018-11-29,221077.42806057722
2018-11-30,222394.37663200274
2018-12-03,225559.28923284786
2018-12-04,218827.50776527208
2018-12-06,219481.19098320644
2018-12-07,214104.87062204306
2018-12-10,215416.93257637494
2018-12-11,215820.9560791334
2018-12-12,217048.74653915426
2018-12-13,217041.0045394583
2018-12-14,212970.57273921435
2018-12-17,209096.77307818914
2018-12-18,209670.02097196973
2018-12-19,206060.31847493554
2018-12-20,203314.2979835445
2018-12-21,198690.30966551934
2018-12-24,194397.14873676866
2018-12-26,203921.17927140414
2018-12-27,204802.8843354578
2018-12-28,204682.33089825386
2018-12-31,206174.63289369017
2019-01-02,206789.94996363463
2019-01-03,201759.61990800442
2019-01-04,208319.22337591148
2019-01-07,210105.68935026188
2019-01-08,211755.07190161644
2019-01-09,212945.66422462283
2019-01-10,213461.46153404046
2019-01-11,213111.9837024529
2019-01-14,211660.8792168204
2019-01-15,214603.7006282118
2019-01-16,214808.7297507054
2019-01-17,216196.90876003803
2019-01-18,218199.71723222383
2019-01-22,215003.4802331256
2019-01-23,215227.2374776668
2019-01-24,216067.78191549174
2019-01-25,218006.98274784186
2019-01-28,216043.2088944372
2019-01-29,215008.66405139206
2019-01-30,218942.35422011526
2019-01-31,221333.6346668779
2019-02-01,220815.10433763402
2019-02-04,222639.47050441906
2019-02-05,224023.7293602041
2019-02-06,223505.88877194762
2019-02-07,221311.7079524142
2019-02-08,221708.72941114582
2019-02-11,221523.89566214045
2019-02-12,224140.56194154904
2019-02-13,224411.38772337342
2019-02-14,224494.7854568495
2019-02-15,225931.99403198448
2019-02-19,226485.4821492668
2019-02-20,226561.95308244537
2019-02-21,225614.6994487661
2019-02-22,227035.0941900229
2019-02-25,227439.78989590902
2019-02-26,227544.92695802447
2019-02-27,227225.99560666535
2019-02-28,226692.9838691383
2019-03-01,227660.5517293494
2019-03-04,227417.4827393991
2019-03-05,227454.13264409034
2019-03-06,226299.3605405919
2019-03-07,224332.4120770198
2019-03-08,224127.33375540914
2019-03-11,227483.53147773366
2019-03-12,228523.08866632453
2019-03-13,229947.88820480873
2019-03-14,229484.90149606587
2019-03-15,231027.0468297139
2019-03-18,231579.42952482012
2019-03-19,231993.28998708705
2019-03-20,232331.00866598595
2019-03-21,235060.42396555914
2019-03-22,230998.94561505332
2019-03-25,230823.63763093224
2019-03-26,231899.68022315454
2019-03-27,230689.30770648154
2019-03-28,231089.02056524632
2019-03-29,232474.6360684665
2019-04-01,234960.20971118697
2019-04-02,235430.9579583659
2019-04-03,236224.17315718014
2019-04-04,236368.70252067305
2019-04-05,237358.35864571
2019-04-08,237705.12210239118
2019-04-09,236842.35330329498
2019-04-10,237742.5024693561
2019-04-11,237409.53024798114
2019-04-12,238456.33736934734
2019-04-15,238399.91026665576
2019-04-16,238848.70305144935
2019-04-17,239051.61260360104
2019-04-18,239345.00791972844
2019-04-22,239737.34568036886
2019-04-23,242002.21250517337
2019-04-24,241407.2278134975
2019-04-25,241833.119698813
2019-04-26,242302.83881814047
2019-04-29,242648.49088281873
2019-04-30,241805.59290174788
2019-05-01,240752.6004762775
2019-05-02,239885.5906125689
2019-05-03,242691.5590877815
2019-05-06,241642.44739740796
2019-05-07,237953.58394031646
2019-05-08,237431.11760485233
2019-05-09,236564.5242931846
2019-05-10,237100.93143171523
2019-05-13,231058.52232167585
2019-05-14,233044.00969865243
2019-05-15,235277.91419063497
2019-05-16,237117.65404778044
2019-05-17,235276.84380183124
2019-05-20,232679.83210555254
2019-05-21,234576.69789102988
2019-05-22,233801.10564670668
2019-05-23,231135.1339870732
2019-05-24,231278.26773256034
2019-05-28,230198.60396805525
2019-05-29,228733.31403489027
2019-05-30,229569.56863837212
2019-05-31,226820.08648957263
2019-06-03,224246.0885057521
2019-06-04,228961.8025265971
2019-06-05,230384.1511229845
2019-06-06,231920.06626542594
2019-06-07,235132.5142682216
2019-06-10,236635.110309377
2019-06-11,236779.7334549653
2019-06-12,235953.1971073952
2019-06-13,237138.21144597814
2019-06-14,236596.4615276616
2019-06-17,237335.5603052585
2019-06-18,240095.0018126428
2019-06-19,240762.26208622803
2019-06-20,243002.86860740412
2019-06-21,242560.96468161186
2019-06-24,242716.22170758943
2019-06-25,239853.2650908172
2019-06-26,240150.4105944978
2019-06-27,240975.85868169856
2019-06-28,241507.81128305354
2019-07-01,243892.152373703
2019-07-02,244577.56563908607
2019-07-03,246157.59807573067
2019-07-05,245782.92585341504
2019-07-08,244420.9589412633
2019-07-09,245125.1976055864
2019-07-10,246745.64834056087
2019-07-11,246827.10478195426
2019-07-12,247905.2299767963
2019-07-15,248314.40345507007
2019-07-16,247365.9538468743
2019-07-17,246149.28655160792
2019-07-18,246575.7561934338
2019-07-19,245164.7740060309
2019-07-22,246340.94103095555
2019-07-23,247738.29489610248
2019-07-24,248997.03056211688
2019-07-25,247364.79112107673
2019-07-26,249203.21984816116
2019-07-29,248588.92712130438
2019-07-30,247810.31533226484
2019-07-31,245111.12002931262
2019-08-01,244173.80557255694
2019-08-02,241773.3500301809
2019-08-05,235257.35614907873
2019-08-06,238224.02085023985
2019-08-07,239022.34033946556
2019-08-08,243356.6245565173
2019-08-09,241561.07975101494
2019-08-12,239499.71500362418
2019-08-13,243423.7004494935
2019-08-14,237608.32997980778
2019-08-15,237866.03494124673
2019-08-16,240803.68154252102
2019-08-19,243420.0439675565
2019-08-20,242030.39283150548
2019-08-21,243661.5885704874
2019-08-22,243063.3152371854
2019-08-23,237380.25412955537
2019-08-26,240057.57163571412
2019-08-27,239800.17706576726
2019-08-28,240824.570423905
2019-08-29,243621.27902199302
2019-08-30,243208.46578338143
2019-09-03,241497.40070071493
2019-09-04,244184.07502669664
2019-09-05,247509.19956659302
2019-09-06,247425.29913936913
2019-09-09,247180.4081369121
2019-09-10,246774.2797128821
2019-09-11,248528.80303972156
2019-09-12,249324.5444885836
2019-09-13,248790.19697087473
2019-09-16,247938.27898762157
2019-09-17,248734.77314385455
2019-09-18,248708.71778326493
2019-09-19,248890.00105307112
2019-09-20,247123.43797999553
2019-09-23,247135.5274117219
2019-09-24,244778.55665929388
2019-09-25,246648.48477412554
2019-09-26,245986.82831451515
2019-09-27,243955.87076126892
2019-09-30,245354.8753086761
2019-10-01,243396.25848082273
2019-10-02,239903.18500359607
2019-10-03,242063.90080727663
2019-10-04,245103.36821057278
2019-10-07,244135.64318000604
2019-10-08,241102.16884023332
2019-10-09,242990.25662569242
2019-10-10,244167.40567577112
2019-10-11,246382.54527848895
2019-10-14,246409.22184592186
2019-10-15,248525.31099705218
2019-10-16,248118.95302205934
2019-10-17,248644.80132349857
2019-10-18,246989.82698264284
2019-10-21,248488.6951568734
2019-10-22,247321.30839840262
2019-10-23,247869.9963665099
2019-10-24,249304.75337410357
2019-10-25,250626.41750366855
2019-10-28,252089.7488056375
2019-10-29,251012.7871299479
2019-10-30,252111.96306064355
2019-10-31,252186.14706173167
2019-11-01,254169.50817512407
2019-11-04,255152.7078332639
2019-11-05,254765.29184638345
2019-11-06,254562.20986602097
2019-11-07,254847.6214844677
2019-11-08,255436.8535500856
2019-11-11,255006.53473521915
2019-11-12,255648.00346078083
2019-11-13,255824.44917992
2019-11-14,255988.276077198
2019-11-15,257504.09961528188
2019-11-18,257660.2382073101
2019-11-19,257882.27902977704
2019-11-20,256920.91657686044
2019-11-21,256353.58418097786
2019-11-22,256613.38378620654
2019-11-25,258780.4156544049
2019-11-26,259363.44568315893
2019-11-27,260531.3969777045
2019-11-29,259557.3639689066
2019-12-02,257427.31819003195
2019-12-03,255787.26217883104
2019-12-04,256959.89363184883
2019-12-05,257351.20015133347
2019-12-06,259529.8515335044
2019-12-09,258626.95418224734
2019-12-10,258394.12417845475
2019-12-11,259316.6181655
2019-12-12,261038.81117740672
2019-12-13,261505.2044973283
2019-12-16,263429.76308065944
2019-12-17,263501.05654627125
2019-12-18,263584.024960304
2019-12-19,264766.3618887606
2019-12-20,265679.91691963095
2019-12-23,266150.1938018066
2019-12-24,266197.9265263957
2019-12-26,267852.03729640436
2019-12-27,267688.6978949673
2019-12-30,266266.41707509744
2019-12-31,266583.29756633495
2020-01-02,269912.15680907003
2020-01-03,268419.13276095147
2020-01-06,269759.8715958003
2020-01-07,269487.2412681817
2020-01-08,270638.91270752787
2020-01-09,272297.3427284312
2020-01-10,271817.52129479597
2020-01-13,273788.0674507474
2020-01-14,273153.9199964528
2020-01-15,273476.05271701014
2020-01-16,275498.8515553137
2020-01-17,276472.6397701633
2020-01-21,276230.00464301824
2020-01-22,276452.10435492615
2020-01-23,276988.6269694257
2020-01-24,274919.4576156278
2020-01-27,270516.47060338175
2020-01-28,273422.35113344755
2020-01-29,273663.4857609535
2020-01-30,274318.05178288446
2020-01-31,270519.71020728594
2020-02-03,273111.19162849616
2020-02-04,277327.6991540407
2020-02-05,278835.5669819664
2020-02-06,280534.93168632727
2020-02-07,279582.2424825358
2020-02-10,282041.28872003284
2020-02-11,282088.07361627073
2020-02-12,284082.97351276927
2020-02-13,283925.6350162949
2020-02-14,284588.6153767391
2020-02-18,284738.12832202826
2020-02-19,286720.7010626126
2020-02-20,285114.6866814445
2020-02-21,281604.65655610024
2020-02-24,273127.82525861566
2020-02-25,266171.69947070186
2020-02-26,266485.9149095182
2020-02-27,255602.9099882097
2020-02-28,254922.32927975446
2020-03-02,265360.3615675786
2020-03-03,258411.73687565347
2020-03-04,267578.42616490874
2020-03-05,260382.38283908917
2020-03-06,256653.3012955102
2020-03-09,240721.46563408777
2020-03-10,251618.19202763072
2020-03-11,241834.32272383367
2020-03-12,222635.3163735407
2020-03-13,238702.64457177094
2020-03-16,215216.1895000686
2020-03-17,227470.67128963186
2020-03-18,220004.2702395698
2020-03-19,220815.5098072834
2020-03-20,213147.0409863185
2020-03-23,211352.11442951177
2020-03-24,226189.43707495974
2020-03-25,226464.71389397376
2020-03-26,237020.9584620697
2020-03-27,230440.3838453141
2020-03-30,237237.41842110685
2020-03-31,234474.51451469128
2020-04-01,226024.52432782538
2020-04-02,230468.63685654054
2020-04-03,227854.84507447312
2020-04-06,241613.36230400376
2020-04-07,241372.5284581656
2020-04-08,246533.09099302487
2020-04-09,248238.54844187247
2020-04-13,248920.62742666065
2020-04-14,256925.05797787418
2020-04-15,253868.93842309673
2020-04-16,256809.50677749023
2020-04-17,259962.63037014552
2020-04-20,256980.09398483802
2020-04-21,249411.39697439998
2020-04-22,255186.40538039344
2020-04-23,255065.858662533
2020-04-24,258222.00583148774
2020-04-27,260064.39411920877
2020-04-28,257257.18858473306
2020-04-29,264197.1222841491
2020-04-30,262903.5705318678
2020-05-01,256899.11435092462
2020-05-04,258700.30271680275
2020-05-05,261039.4143032566
2020-05-06,260789.15900952203
2020-05-07,263990.1136701725
2020-05-08,267097.34985800897
2020-05-11,268084.1688503774
2020-05-12,263543.65467971837
2020-05-13,260451.11808847063
2020-05-14,263327.16910906695
2020-05-15,264656.4213080839
2020-05-18,269497.1276129168
2020-05-19,268346.62879532354
2020-05-20,272723.5201010556
2020-05-21,270405.1397908526
2020-05-22,271192.0693533898
2020-05-26,271518.92923511897
2020-05-27,273558.8452941525
2020-05-28,273138.4526811252
2020-05-29,275833.07060293306
2020-06-01,276607.5214911753
2020-06-02,278305.9411195272
2020-06-03,280176.93439632165
2020-06-04,278897.62737495586
2020-06-05,284121.2545158604
2020-06-08,286386.01758462325
2020-06-09,286690.56297466584
2020-06-10,287873.88281830976
2020-06-11,274929.0445215375
2020-06-12,277136.40015964844
2020-06-15,279709.1556357161
2020-06-16,283962.4484852683
2020-06-17,283993.2738104799
2020-06-18,284395.4494495804
2020-06-19,283791.75801451487
2020-06-22,286119.1859018346
2020-06-23,287781.46119676344
2020-06-24,282232.07966091466
2020-06-25,284603.87941616186
2020-06-26,278850.4928778379
2020-06-29,281768.22629681416
2020-06-30,285767.10857869626
2020-07-01,288045.66285708465
2020-07-02,289624.1899702294
2020-07-06,294743.3302883307
2020-07-07,293001.93983332964
2020-07-08,295724.5803263615
2020-07-09,296619.0071700878
2020-07-10,298543.6484344755
2020-07-13,294520.2327698173
2020-07-14,296944.1707282404
2020-07-15,298109.160830075
2020-07-16,296663.4745933791
2020-07-17,297144.6558600866
2020-07-20,302322.95801120705
2020-07-21,301089.1380656889
2020-07-22,302447.32533511444
2020-07-23,297466.225636293
2020-07-24,295427.95044121624
2020-07-27,298992.4402527561
2020-07-28,296604.96582957247
2020-07-29,299612.11739628843
2020-07-30,299951.0945216614
2020-07-31,303691.0127476999
2020-08-03,306469.3265756853
2020-08-04,307937.10556271794
2020-08-05,308995.5884735789
2020-08-06,312114.09578608425
2020-08-07,309924.67200207943
2020-08-10,309447.2060373526
2020-08-11,304338.2398792082
2020-08-12,309465.9309028144
2020-08-13,309916.5363845979
2020-08-14,309554.8882680658
2020-08-17,312166.9504630298
2020-08-18,314125.97604856506
2020-08-19,311951.6051322253
2020-08-20,314682.00132009195
2020-08-21,316076.58656876476
2020-08-24,318051.2543541996
2020-08-25,319593.2925788757
2020-08-26,324300.70165745076
2020-08-27,323515.4805692809
2020-08-28,325315.5879873655
2020-08-31,326347.1063098663
2020-09-01,330421.0494659778
2020-09-02,333377.3674304344
2020-09-03,320617.1298887957
2020-09-04,317217.0556704576
2020-09-08,306307.81709074555
2020-09-09,313143.9884442262
2020-09-10,308007.24432750285
2020-09-11,307025.0646088547
2020-09-14,311238.1517325289
2020-09-15,313968.21577398677
2020-09-16,311151.9968715895
2020-09-17,307741.959757306
2020-09-18,304532.8461970378
2020-09-21,303234.421028029
2020-09-22,307003.96074148756
2020-09-23,299312.8477044275
2020-09-24,300419.22958142415
2020-09-25,305564.72056806704
2020-09-28,310706.242731678
2020-09-29,309430.8149180715
2020-09-30,311322.70337398315
2020-10-01,314396.6009272608
2020-10-02,308570.17964113306
2020-10-05,314103.27307356114
2020-10-06,309665.67468391435
2020-10-07,314191.845959028
2020-10-08,316246.6774341894
2020-10-09,319926.48404896335
2020-10-12,326464.52160890214
2020-10-13,325616.0186337505
2020-10-14,323690.93897531636
2020-10-15,322533.7335115939
2020-10-16,321321.5364479601
2020-10-19,316924.5095032128
2020-10-20,317851.0082421744
2020-10-21,317384.4417525514
2020-10-22,317777.37966061366
2020-10-23,318321.98415304045
2020-10-26,313681.7984841026
2020-10-27,314753.6195496369
2020-10-28,304115.3417670406
2020-10-29,307494.09251462366
2020-10-30,302374.7165760937
2020-11-02,303841.3447580129
2020-11-03,308316.4457898794
2020-11-04,317648.66757402685
2020-11-05,323947.9296192808
2020-11-06,324015.00034667825
2020-11-09,321991.57838396577
2020-11-10,318858.18263294484
2020-11-11,323270.433397709
2020-11-12,321399.295656436
2020-11-13,324319.18332720554
2020-11-16,326955.00543576654
2020-11-17,325796.7546572384
2020-11-18,323204.3136478411
2020-11-19,324925.6034281233
2020-11-20,323004.31347319385
2020-11-23,323637.2461128264
2020-11-24,327698.23067350494
2020-11-25,328522.14817967184
2020-11-27,330345.4667553475
2020-11-30,329947.38514203316
2020-12-01,333365.2839292129
2020-12-02,333903.92636367714
2020-12-03,334283.08658380044
2020-12-04,335827.61613262206
2020-12-07,336855.0618810252
2020-12-08,337874.90433829103
2020-12-09,332633.6661468178
2020-12-10,333589.357043457
2020-12-11,333067.0574079886
2020-12-14,333692.02227942186
2020-12-15,337327.3267273042
2020-12-16,338584.17590688344
2020-12-17,340669.20828540536
2020-12-18,339668.2807685246
2020-12-21,338692.8673000863
2020-12-22,338671.4267999525
2020-12-23,338135.1165004427
2020-12-24,339471.4262228741
2020-12-28,341998.8604188687
2020-12-29,341982.9618950304
2020-12-30,342367.3744555242
2020-12-31,343526.73280964623
2021-01-04,339653.49963577936
2021-01-05,342355.9748389551
2021-01-06,340160.20609560807
2021-01-07,346041.56673610053
2021-01-08,348554.87257109856
2021-01-11,344987.1467395647
2021-01-12,345160.47002278565
2021-01-13,346645.1112854211
2021-01-14,345326.7444649013
2021-01-15,342630.9163718386
2021-01-19,346278.41620780074
2021-01-20,352257.7455229748
2021-01-21,353648.4287499484
2021-01-22,352229.86485452385
2021-01-25,354522.0003682797
2021-01-26,354531.3277258689
2021-01-27,346413.8893297528
2021-01-28,348287.56210018514
2021-01-29,342111.2308040944
2021-02-01,348374.1595664468
2021-02-02,352914.02824830904
2021-02-03,352260.37249421165
2021-02-04,355712.3970962795
2021-02-05,356769.5132594351
2021-02-08,358830.1905134222
2021-02-09,358676.0143796713
2021-02-10,358171.54908469104
2021-02-11,359338.291183865
2021-02-12,360931.5740550993
2021-02-16,360292.6707368069
2021-02-17,359404.46961451153
2021-02-18,358048.4002235955
2021-02-19,357002.5415417788
2021-02-22,351315.2453477339
2021-02-23,350893.1374491777
2021-02-24,353649.0679678468
2021-02-25,344429.97808793717
2021-02-26,344529.00849137385
2021-03-01,352621.06287852454
2021-03-02,348767.2767789207
2021-03-03,342001.14086072164
2021-03-04,337674.55233763624
2021-03-05,342347.83308615204
2021-03-08,336791.84335588885
2021-03-09,345168.86454269727
2021-03-10,345363.67881073675
2021-03-11,350577.61705854256
2021-03-12,349253.98800018546
2021-03-15,351831.369503316
2021-03-16,352631.5100324602
2021-03-17,353746.90434354654
2021-03-18,346436.8546104197
2021-03-19,346808.3623478677
2021-03-22,351033.44340015785
2021-03-23,349279.26403892797
2021-03-24,345637.70293405873
2021-03-25,345960.3491340581
2021-03-26,350469.2051195663
2021-03-29,350324.3933361925
2021-03-30,349075.4734602358
2021-03-31,352478.53082576836
2021-04-01,357311.4625609401
2021-04-05,362262.84618074476
2021-04-06,362190.17493255483
2021-04-07,362760.7572956848
2021-04-08,365448.44307711994
2021-04-09,367278.3787386121
2021-04-12,366981.3250632607
2021-04-13,369795.9279842586
2021-04-14,367490.1990332911
2021-04-15,372047.66643897345
2021-04-16,372622.2022496317
2021-04-19,370108.20785273466
2021-04-20,367829.6208177199
2021-04-21,370595.1590006555
2021-04-22,367309.44473429
2021-04-23,371013.59352629626
2021-04-26,372646.16729056824
2021-04-27,371878.43998015695
2021-04-28,371177.38629792025
2021-04-29,372720.51286842197
2021-04-30,370533.12193949276
2021-05-03,370084.09787843755
2021-05-04,366250.08861383505
2021-05-05,365757.2555456876
2021-05-06,368339.8071227004
2021-05-07,370904.7231706231
2021-05-10,364666.0101456419
2021-05-11,363460.1584702115
2021-05-12,355934.5908514586
2021-05-13,358192.06582613365
2021-05-14,364319.31654337817
2021-05-17,363210.40316112054
2021-05-18,360688.8796819134
2021-05-19,360168.8532056921
2021-05-20,364792.32379882707
2021-05-21,363909.8627750747
2021-05-24,368557.35677513055
2021-05-25,368562.6942786057
2021-05-26,369500.02709709166
2021-05-27,369143.7375313834
2021-05-28,369902.04934824334
2021-06-01,369128.58355823305
2021-06-02,369658.08533514076
2021-06-03,367194.3137986646
2021-06-04,371478.6391798362
2021-06-07,371884.9568757647
2021-06-08,371966.300888392
2021-06-09,371786.8730689402
2021-06-10,374314.4912870433
2021-06-11,374987.9733424284
2021-06-14,377069.99900151487
2021-06-15,375542.56218738784
2021-06-16,374094.04952717555
2021-06-17,376438.36418759753
2021-06-18,373169.04244364594
2021-06-21,376132.268836582
2021-06-22,378567.9241964537
2021-06-23,378470.7649403166
2021-06-24,380389.0459359867
2021-06-25,380573.4013023976
2021-06-28,383158.0757462029
2021-06-29,383898.44088709756
2021-06-30,384010.2567555837
2021-07-01,384946.0651917735
2021-07-02,388419.1298538816
2021-07-06,388553.44342921796
2021-07-07,389242.50756470766
2021-07-08,387072.2068536771
2021-07-09,389857.5291590336
2021-07-12,391107.1779997945
2021-07-13,390889.1141464936
2021-07-14,391284.7396950783
2021-07-15,389384.7606383813
2021-07-16,386597.2226215975
2021-07-19,382245.3130631737
2021-07-20,386625.15507652797
2021-07-21,389479.35073934606
2021-07-22,391316.8059934106
2021-07-23,395032.7021251235
2021-07-26,395553.7842049064
2021-07-27,392599.21339872497
2021-07-28,393396.49594046705
2021-07-29,394720.43173402036
2021-07-30,392833.44513243844
2021-08-02,392531.85696342884
2021-08-03,394793.34667264717
2021-08-04,394386.0132336622
2021-08-05,396473.05400686583
2021-08-06,395771.4855753515
2021-08-09,395996.8865434722
2021-08-10,395091.08882759005
2021-08-11,395040.834156723
2021-08-12,396131.56969577115
2021-08-13,397047.5589528721
2021-08-16,397415.1398001016
2021-08-17,394705.87509519386
2021-08-18,391261.6276577501
2021-08-19,392394.0177594844
2021-08-20,395490.7862899666
2021-08-23,399652.340164564
2021-08-24,400452.1502443156
2021-08-25,400933.8659197891
2021-08-26,398792.12179353466
2021-08-27,401943.0105899594
2021-08-30,404805.7719974075
2021-08-31,404181.55219520803
2021-09-01,404462.6801590437
2021-09-02,405061.56750393886
2021-09-03,405601.6174349398
2021-09-07,404722.5580497589
2021-09-08,404078.74898877816
2021-09-09,402825.5804735558
2021-09-10,400252.66168791224
2021-09-13,400757.0525154461
2021-09-14,399685.79650588223
2021-09-15,402545.97080015054
2021-09-16,401931.19527723955
2021-09-17,397853.5102335671
2021-09-20,391395.51460310526
2021-09-21,391560.48502835043
2021-09-22,395032.1224931809
2021-09-23,398286.8843017339
2021-09-24,398596.84184791683
2021-09-27,396838.40316228056
2021-09-28,387792.98501163995
2021-09-29,387696.0073225959
2021-09-30,385669.5145467309
2021-10-01,388880.84446305817
2021-10-04,383343.524612925
2021-10-05,387381.09066434985
2021-10-06,388916.001012783
2021-10-07,391888.02677010273
2021-10-08,390566.1533124735
2021-10-11,388145.0590690655
2021-10-12,387450.6370531598
2021-10-13,389945.84876258596
2021-10-14,396136.6849489209
2021-10-15,398296.37882528803
2021-10-18,400615.1017956184
2021-10-19,403004.91023539024
2021-10-20,403478.70155448635
2021-10-21,404670.45323517034
2021-10-22,403130.47326314996
2021-10-25,406120.3466434148
2021-10-26,406964.4181279897
2021-10-27,406707.7630328373
2021-10-28,410330.91418118344
2021-10-29,411478.55450302694
2021-11-01,412397.07523870026
2021-11-02,413803.73652035225
2021-11-03,416863.19395766925
2021-11-04,420216.23264774313
2021-11-05,420876.00923900784
2021-11-08,420666.9282829521
2021-11-09,418676.92106579535
2021-11-10,414353.1847137041
2021-11-11,414944.8824747314
2021-11-12,418196.4236158899
2021-11-15,418156.2627063441
2021-11-16,420197.32728237374
2021-11-17,419923.09646152856
2021-11-18,422586.56967054587
2021-11-19,423490.65828577953
2021-11-22,420537.1591120795
2021-11-23,419708.75277180923
2021-11-24,420738.6828245218
2021-11-26,413439.6076787001
2021-11-29,419700.12411432335
2021-11-30,413646.62345383153
2021-12-01,408575.9036146178
2021-12-02,412277.7277829179
2021-12-03,407714.85532646894
2021-12-06,410874.22949443926
2021-12-07,420050.8036149578
2021-12-08,420995.93944210163
2021-12-09,416806.92393416725
2021-12-10,420491.6520183503
2021-12-13,416472.0917900132
2021-12-14,413066.57019952586
2021-12-15,419845.09509194875
2021-12-16,413120.3372287455
2021-12-17,410785.4896853723
2021-12-20,406910.2919011966
2021-12-21,414113.5903191825
2021-12-22,418301.69201721664
2021-12-23,420603.60331910715
2021-12-27,426374.4348118005
2021-12-28,425076.10043998755
2021-12-29,424916.3261340245
2021-12-30,424056.91406887607
2021-12-31,422167.23651626485
2022-01-03,424816.6522107006
2022-01-04,422231.49367457087
2022-01-05,412600.9096123138
2022-01-06,412464.2536306087
2022-01-07,409476.4871506986
2022-01-10,409389.1974999838
2022-01-11,414307.35920004104
2022-01-12,415527.28887017025
2022-01-13,408057.5206626489
2022-01-14,409536.7938435345
2022-01-18,401956.32638954767
2022-01-19,398515.7646599823
2022-01-20,394366.0791714764
2022-01-21,386213.75492087175
2022-01-24,387574.1762760436
2022-01-25,381564.3224154648
2022-01-26,380811.9294661089
2022-01-27,378575.2187863702
2022-01-28,387792.8762849065
2022-01-31,396456.43593590904
2022-02-01,398742.063277716
2022-02-02,401762.73315387056
2022-02-03,390103.6639859063
2022-02-04,393303.6055576883
2022-02-07,391372.7622225612
2022-02-08,394491.4672804342
2022-02-09,400950.645057791
2022-02-10,393595.85186620447
2022-02-11,385292.47459576075
2022-02-14,385227.6616754126
2022-02-15,391567.4334349681
2022-02-16,391780.61900346377
2022-02-17,383360.7025679445
2022-02-18,380438.69651957485
2022-02-22,377435.5832555003
2022-02-23,370396.936232824
2022-02-24,378765.9928624141
2022-02-25,384104.08424783254
2022-02-28,385032.5828139037
2022-03-01,381394.9399884683
2022-03-02,387371.11794566823
2022-03-03,384317.3829985319
2022-03-04,381811.1713575335
2022-03-07,371560.629887868
2022-03-08,370446.2747569925
2022-03-09,378163.9411817138
2022-03-10,375160.90751287405
2022-03-11,369882.91040123807
2022-03-14,364271.29665363167
2022-03-15,371921.09191997064
2022-03-16,381612.7275774134
2022-03-17,386669.35538848967
2022-03-18,392148.56666114694
2022-03-21,392439.1955484702
2022-03-22,397635.11199219857
2022-03-23,393922.6471150761
2022-03-24,400230.57149306335
2022-03-25,400712.018245109
2022-03-28,403519.5394109436
2022-03-29,408793.45440238895
2022-03-30,406165.6199859926
2022-03-31,401056.86731140467
2022-04-01,401098.7060100117
2022-04-04,406999.2084610789
2022-04-05,400214.110549567
2022-04-06,394195.91706227197
2022-04-07,395437.0993023915
2022-04-08,392564.3057919202
2022-04-11,385335.7749079598
2022-04-12,384836.38635052193
2022-04-13,390842.46867643396
2022-04-14,384645.70645509445
2022-04-18,385148.271982041
2022-04-19,390742.3660764883
2022-04-20,387846.79253761
2022-04-21,381640.8694546211
2022-04-22,372373.6750808168
2022-04-25,375155.1953964159
2022-04-26,364665.2086328508
2022-04-27,364781.87946450926
2022-04-28,374830.2593530699
2022-04-29,361192.6397654921
2022-05-02,364972.5594949874
2022-05-03,365704.9935490333
2022-05-04,375762.64489422186
2022-05-05,361533.8131763084
2022-05-06,358556.26692947757
2022-05-09,347463.65332005854
2022-05-10,349856.0088807591
2022-05-11,342640.886514968
2022-05-12,342073.1694774025
2022-05-13,351286.2101602679
2022-05-16,348691.0699188583
2022-05-17,355702.32449367794
2022-05-18,341887.50038201787
2022-05-19,340208.3668526869
2022-05-20,339686.8784818912
2022-05-23,344695.61760670977
2022-05-24,340030.0516574248
2022-05-25,343445.7216496555
2022-05-26,350599.00116766174
2022-05-27,359327.7368497178
2022-05-31,357781.90324469114
2022-06-01,355704.86016493215
2022-06-02,363422.4985546787
2022-06-03,356693.10797829315
2022-06-06,357616.6045826852
2022-06-07,360574.9833138602
2022-06-08,358066.89167765144
2022-06-09,350382.3326744274
2022-06-10,340619.14949491736
2022-06-13,327600.73059856484
2022-06-14,327210.6801267521
2022-06-15,333050.4710652989
2022-06-16,322512.5888197764
2022-06-17,324110.4625901345
2022-06-21,330805.25042615726
2022-06-22,330123.83144947555
2022-06-23,333251.2061531091
2022-06-24,342722.8576159616
2022-06-27,340835.6893534194
2022-06-28,333478.752047596
2022-06-29,333323.42128238064
2022-06-30,329578.7428138498
2022-07-01,332028.42887799366
2022-07-05,333810.11329638475
2022-07-06,334781.9858430284
2022-07-07,340907.7475517572
2022-07-08,341293.92988386133
2022-07-11,336388.3657844582
2022-07-12,332753.92284059164
2022-07-13,331964.3789775801
2022-07-14,332002.5974731816
2022-07-15,337376.72365846165
2022-07-18,335193.16498342075
2022-07-19,343478.469000914
2022-07-20,346911.1484528671
2022-07-21,350462.43363882625
2022-07-22,346031.0583004057
2022-07-25,345409.8203936587
2022-07-26,340678.6155732398
2022-07-27,351409.99755580735
2022-07-28,354802.65857885964
2022-07-29,359879.0993035101
2022-08-01,359371.54311896255
2022-08-02,357984.3872716227
2022-08-03,364827.86114597594
2022-08-04,365579.03601603373
2022-08-05,363810.7053222993
2022-08-08,363032.4045087125
2022-08-09,360411.69392944773
2022-08-10,368081.11783873563
2022-08-11,366980.1805408973
2022-08-12,372701.26802793675
2022-08-15,374723.7100901543
2022-08-16,374489.6128369171
2022-08-17,371371.397468836
2022-08-18,372158.1225569636
2022-08-19,366721.37430298695
2022-08-22,359165.91718036303
2022-08-23,358684.4289033692
2022-08-24,359570.25845194247
2022-08-25,364504.16417156905
2022-08-26,352654.4977320079
2022-08-29,350055.24350854923
2022-08-30,346726.7496162425
2022-08-31,344297.3610417244
2022-09-01,344375.7133468736
2022-09-02,340858.4992035128
2022-09-06,338981.0146320626
2022-09-07,344187.23483234615
2022-09-08,345819.38495881425
2022-09-09,351827.84505847783
2022-09-12,355332.20764855854
2022-09-13,340193.85123640567
2022-09-14,341981.3035011006
2022-09-15,337093.9734381144
2022-09-16,335095.27469989535
2022-09-19,337331.62132952275
2022-09-20,334581.42442809884
2022-09-21,329746.6724064776
2022-09-22,326639.8200161545
2022-09-23,321697.7376446804
2022-09-26,319580.18721619836
2022-09-27,319390.45296233555
2022-09-28,325246.50705606566
2022-09-29,317928.8193570287
2022-09-30,313239.006259445
2022-10-03,320302.65956107015
2022-10-04,329033.11733140744
2022-10-05,329002.0326913215
2022-10-06,326747.7175904589
2022-10-07,317344.9798426304
2022-10-10,314576.379578069
2022-10-11,311474.7701568071
2022-10-12,311113.994552061
2022-10-13,317558.3644071561
2022-10-14,309889.87796642847
2022-10-17,317567.9868169013
2022-10-18,319952.2664582432
2022-10-19,318473.89147058746
2022-10-20,316633.98504608567
2022-10-21,322944.39254775346
2022-10-24,326057.58604091126
2022-10-25,331269.1820678813
2022-10-26,326862.95006508747
2022-10-27,323415.1604472955
2022-10-28,330777.1531111299
2022-10-31,327915.6909957532
2022-11-01,326050.54930762097
2022-11-02,317664.8371602248
2022-11-03,313442.2816818724
2022-11-04,317851.60971672146
2022-11-07,320319.20120639703
2022-11-08,322081.6768488592
2022-11-09,315781.341145007
2022-11-10,333700.80323705863
2022-11-11,337947.9372629884
2022-11-14,335304.6371954982
2022-11-15,338833.72161428205
2022-11-16,335439.1488999857
2022-11-17,334379.5729455568
2022-11-18,334714.91735694977
2022-11-21,332598.2144620327
2022-11-22,336645.2103860173
2022-11-23,338789.19076292776
2022-11-25,337451.3532291142
2022-11-28,333053.8973224188
2022-11-29,331761.9633670466
2022-11-30,343213.29414044356
2022-12-01,343643.95082217734
2022-12-02,342777.41636602837
2022-12-05,337339.51341393526
2022-12-06,332194.3224834544
2022-12-07,331560.666395465
2022-12-08,334326.98358263227
2022-12-09,332199.6534714661
2022-12-12,335899.14468210225
2022-12-13,338834.23321583524
2022-12-14,336735.57165872405
2022-12-15,328054.2216038994
2022-12-16,325101.69398151006
2022-12-19,321593.6679053797
2022-12-20,321545.00144148536
2022-12-21,325638.4184200388
2022-12-22,319751.39631424635
2022-12-23,320696.0800435181
2022-12-27,317890.53560945153
2022-12-28,314269.77887127275
2022-12-29,320135.93692494795
2022-12-30,319662.2134571087
2023-01-03,318071.9197245472
2023-01-04,319648.95833761035
2023-01-05,315825.7667003286
2023-01-06,322703.6674474211
2023-01-09,323675.77884094097
2023-01-10,325813.67002956604
2023-01-11,330058.07314035436
2023-01-12,331344.6339947618
2023-01-13,332912.49409032165
2023-01-17,333017.58189949574
2023-01-18,328989.9710747764
2023-01-19,326495.64269927784
2023-01-20,333089.1249897372
2023-01-23,338189.8549368365
2023-01-24,337681.7512473495
2023-01-25,337310.0480311883
2023-01-26,341892.1620524434
2023-01-27,343862.06195126945
2023-01-30,338816.3351631511
2023-01-31,343323.03628568066
2023-02-01,348255.46018093807
2023-02-02,355919.5685665877
2023-02-03,350701.46980943275
2023-02-06,348552.8497616998
2023-02-07,353900.19308091636
2023-02-08,349457.9527882791
2023-02-09,346498.69518234563
2023-02-10,345759.5940575087
2023-02-13,349803.14807211095
2023-02-14,351059.9820063593
2023-02-15,352521.690608684
2023-02-16,347363.57671810215
2023-02-17,345798.70649649267
2023-02-21,339116.0919346789
2023-02-22,338902.77781490074
2023-02-23,341114.64328342414
2023-02-24,336795.65648720117
2023-02-27,338405.3041155289
2023-02-28,337920.9478433955
2023-03-01,336077.6045188854
2023-03-02,338312.6984095042
2023-03-03,344176.620031029
2023-03-06,344192.2910568453
2023-03-07,340000.2497816803
2023-03-08,340989.41830141895
2023-03-09,335925.62419609923
2023-03-10,332579.8982408025
2023-03-13,333956.38430886326
2023-03-14,339370.3799748736
2023-03-15,339924.26874124334
2023-03-16,346450.25783018826
2023-03-17,344861.9122985369
2023-03-20,346429.68387095793
2023-03-21,349997.4102163436
2023-03-22,345901.2246565167
2023-03-23,348546.75779275625
2023-03-24,349874.8546613952
2023-03-27,348447.93970971083
2023-03-28,347363.32604858925
2023-03-29,352158.43449880107
2023-03-30,354729.84026740247
2023-03-31,359651.2420021953
2023-04-03,360020.4530612691
2023-04-04,359135.7335512126
2023-04-05,357180.82144926273
2023-04-06,358709.87155699934
2023-04-10,358308.514531753
2023-04-11,357341.68464423704
2023-04-12,355345.5125004582
2023-04-13,360602.32029495056
2023-04-14,359435.52534304775
2023-04-17,359689.55728605285
2023-04-18,359890.41217494046
2023-04-19,359491.404688515
2023-04-20,357521.13216141635
2023-04-21,357440.5955029545
2023-04-24,357441.92240886285
2023-04-25,352258.5515633312
2023-04-26,352345.19046356087
2023-04-27,359441.6439188668
2023-04-28,362090.9361279491
2023-05-01,361719.9662135722
2023-05-02,358693.9510808729
2023-05-03,356625.2392111017
2023-05-04,355090.09108818055
2023-05-05,361140.0059780077
2023-05-08,361594.37216678547
2023-05-09,359852.460142154
2023-05-10,362386.6071356008
2023-05-11,362739.40145789244
2023-05-12,361879.28439288377
2023-05-15,363268.35722825606
2023-05-16,362617.72169154044
2023-05-17,366317.9559971971
2023-05-18,370952.38636299944
2023-05-19,370306.8885742425
2023-05-22,370956.60872643243
2023-05-23,367107.1888167326
2023-05-24,365207.2285210248
2023-05-25,370779.4983827799
2023-05-26,377207.96462733316
2023-05-30,378092.9626734236
2023-05-31,376386.7871309232
2023-06-01,379986.75742587796
2023-06-02,382943.0541995092
2023-06-05,382865.2876035855
2023-06-06,383249.5259509126
2023-06-07,378940.71060088696
2023-06-08,382501.02220832923
2023-06-09,383359.2137576702
2023-06-12,387764.31648196536
2023-06-13,389813.2728345377
2023-06-14,391487.00157605234
2023-06-15,395870.66734469245
2023-06-16,394093.3333498542
2023-06-20,392931.17893064325
2023-06-21,389518.47621235525
2023-06-22,391792.2483388813
2023-06-23,389006.3564651527
2023-06-26,385823.46509625885
2023-06-27,390334.18158423196
2023-06-28,390808.6425056789
2023-06-29,390605.219579913
2023-06-30,395570.32527749764
2023-07-03,396100.30820032157
2023-07-05,395694.2593666315
2023-07-06,392701.01756589615
2023-07-07,391681.3851248472
2023-07-10,392071.35331878485
2023-07-11,394089.0800952621
2023-07-12,398089.4644673084
2023-07-13,402780.1873220004
2023-07-14,402410.3500982558
2023-07-17,404727.8172520904
2023-07-18,407849.9243070905
2023-07-19,408364.0342702171
2023-07-20,402344.1501884007
2023-07-21,401688.72698695963
2023-07-24,402569.1497480502
2023-07-25,404405.40189707495
2023-07-26,403773.7445021958
2023-07-27,401697.47044608154
2023-07-28,407032.67203011154
2023-07-31,407522.3168764103
2023-08-01,406362.55989224
2023-08-02,399603.5713609656
2023-08-03,398801.9620597067
2023-08-04,397270.84253771504
2023-08-07,400049.45927621966
2023-08-08,397735.7920727181
2023-08-09,394608.755788522
2023-08-10,394853.5151348722
2023-08-11,393470.20491975086
2023-08-14,396380.5683950751
2023-08-15,392410.184866024
2023-08-16,389142.8757212962
2023-08-17,385898.7933935553
2023-08-18,385799.4146224357
2023-08-21,389703.26264504244
2023-08-22,389182.8877706046
2023-08-23,394014.89338739676
2023-08-24,387980.9647608264
2023-08-25,390551.5697489711
2023-08-28,392852.34151307703
2023-08-29,399268.1196760009
2023-08-30,400936.21841020795
2023-08-31,401430.37084396783
2023-09-01,401635.97690257867
2023-09-05,401135.72771252244
2023-09-06,398331.5016128703
2023-09-07,396459.47147704713
2023-09-08,396985.50979695143
2023-09-11,400271.8662084198
2023-09-12,397218.8957528486
2023-09-13,398118.0874163521
2023-09-14,401098.0070015685
2023-09-15,395985.45450402243
2023-09-18,396383.39213437587
2023-09-19,395590.5248781396
2023-09-20,391318.23160800233
2023-09-21,385055.879763213
2023-09-22,384913.5567845843
2023-09-25,386058.95900144347
2023-09-26,380946.0854033821
2023-09-27,381253.53053917515
2023-09-28,383416.4127553532
2023-09-29,382792.4663928517
2023-10-02,384333.17480971065
2023-10-03,379107.05826387636
2023-10-04,382640.3600234421
2023-10-05,381979.55954670685
2023-10-06,386748.81432769046
2023-10-09,388559.43940450565
2023-10-10,390307.1079488333
2023-10-11,392233.42829911207
2023-10-12,390687.53437299526
2023-10-13,387483.73118911847
2023-10-16,391066.9205559278
2023-10-17,390369.93927946896
2023-10-18,385952.1424448565
2023-10-19,382920.2729546139
2023-10-20,378370.2977599332
2023-10-23,378693.19164133316
2023-10-24,381506.3006435063
2023-10-25,374845.7251709175
2023-10-26,369638.45061650587
2023-10-27,369938.28953595017
2023-10-30,373531.90831699595
2023-10-31,375189.770117385
2023-11-01,379956.8554599613
2023-11-02,386148.8063233455
2023-11-03,389396.5812041691
2023-11-06,390420.80030270084
2023-11-07,392384.27226161613
2023-11-08,392351.44661369786
2023-11-09,389703.7723288886
2023-11-10,396179.723934546
2023-11-13,395663.4917629296
2023-11-14,402415.88191309915
2023-11-15,402676.27955000347
2023-11-16,402774.098485141
2023-11-17,403110.34480007784
2023-11-20,406799.64475006144
2023-11-21,405513.6091116301
2023-11-22,406749.1615138916
2023-11-24,406264.97544756246
2023-11-27,405808.33380071615
2023-11-28,406761.0457404367
2023-11-29,406671.4109824794
2023-11-30,406254.7586185519
2023-12-01,407781.21361159254
2023-12-04,404711.994451287
2023-12-05,405101.28394512774
2023-12-06,402890.1128263774
2023-12-07,406696.749777078
2023-12-08,408138.9398034487
2023-12-11,410209.09727681574
2023-12-12,412058.4419135377
2023-12-13,417174.4330455982
2023-12-14,417884.13393272366
2023-12-15,418699.09969570936
2023-12-18,420989.10191617016
2023-12-19,423145.36298007413
2023-12-20,417668.51316382503
2023-12-21,421423.57808371476
2023-12-22,421967.3936191
2023-12-26,424173.11985267914
2023-12-27,424791.90701986774
2023-12-28,424427.0623306253
2023-12-29,422851.7390581836
2024-01-02,418357.0838012267
2024-01-03,414897.4893659566
2024-01-04,413314.2250188885
2024-01-05,413716.8893035462
2024-01-08,420046.03717823647
2024-01-09,420212.2288172924
2024-01-10,422432.2700207865
2024-01-11,422776.5894829324
2024-01-12,422946.08803640143
2024-01-16,422356.3795108231
2024-01-17,420302.49410633213
2024-01-18,424575.4348650027
2024-01-19,430628.21341927367
2024-01-22,431183.13492500875
2024-01-23,432481.70660223684
2024-01-24,433824.8182268914
2024-01-25,434855.4845117283
2024-01-26,433304.5855136845
2024-01-29,436692.5480162402
2024-01-30,435053.1824574461
2024-01-31,428362.0533124662
2024-02-01,433045.13634807995
2024-02-02,437975.7593035138
2024-02-05,436894.05718070525
2024-02-06,437016.11577250616
2024-02-07,440439.8778392402
2024-02-08,440849.14058809757
2024-02-09,443781.4124607689
2024-02-12,442781.90387010097
2024-02-13,436811.19790487253
2024-02-14,440492.9031672733
2024-02-15,442266.3720134679
2024-02-16,439450.33096306195
2024-02-20,436951.5905650108
2024-02-21,436059.102611694
2024-02-22,445686.18545486237
2024-02-23,445292.8619014852
2024-02-26,444505.24628006754
2024-02-27,445243.9656799575
2024-02-28,443904.88380714925
2024-02-29,446609.61987761274
2024-03-01,452009.7506122931
2024-03-04,451384.4529029047
2024-03-05,445957.4026791314
2024-03-06,448393.35392158927
2024-03-07,453391.7597443227
2024-03-08,449276.8561796203
2024-03-11,448373.58871984057
2024-03-12,452838.04702457885
2024-03-13,450974.9851203925
2024-03-14,449858.34549165686
2024-03-15,445992.55450789485
2024-03-18,449127.49443833757
2024-03-19,450557.92297351925
2024-03-20,454862.1761865581
2024-03-21,456558.355679867
2024-03-22,456459.20487810735
2024-03-25,455167.15798027435
2024-03-26,454173.0267410361
2024-03-27,456556.8897674812
2024-03-28,456535.4856742542
2024-04-01,456714.3687562527
2024-04-02,453672.9568413901
2024-04-03,454318.0012955749
2024-04-04,448845.9508705998
2024-04-05,453094.4713340987
2024-04-08,453205.284410077
2024-04-09,454195.0117858272
2024-04-10,450583.13286724925
2024-04-11,455365.42812345095
2024-04-12,449482.2815470824
2024-04-15,443753.23918253306
2024-04-16,443456.36261806695
2024-04-17,439761.8619747669
2024-04-18,438132.09762098716
2024-04-19,432166.78381103656
2024-04-22,435694.8969707378
2024-04-23,440726.77673600335
2024-04-24,441374.7095121932
2024-04-25,439674.93339126965
2024-04-26,444509.16674964456
2024-04-29,445922.09815337014
2024-04-30,438483.09244804416
2024-05-01,436614.2821244987
2024-05-02,440729.5154801857
2024-05-03,447213.46891706606
2024-05-06,451689.0088794625
2024-05-07,451882.8911226519
2024-05-08,451499.1910778004
2024-05-09,453348.3473961332
2024-05-10,454161.7315631739
2024-05-13,454459.24560090585
2024-05-14,456903.85183954553
2024-05-15,462995.7515316578
2024-05-16,462071.0652830828
2024-05-17,462525.91247138544
2024-05-20,464438.46319995815
2024-05-21,465282.1369695286
2024-05-22,464191.51564589684
2024-05-23,461232.7536618538
2024-05-24,464541.6096792874
2024-05-28,465600.61158713396
2024-05-29,462265.28020274447
2024-05-30,458772.03558368696
2024-05-31,459519.481558833
2024-06-03,460914.6358072257
2024-06-04,461389.8794272597
2024-06-05,468410.28336282575
2024-06-06,468632.4331070308
2024-06-07,467026.3560499552
2024-06-10,468898.49602286937
2024-06-11,471042.6225683819
2024-06-12,475541.075862375
2024-06-13,477101.89561836876
2024-06-14,478887.6848984519
2024-06-17,482906.6159983069
2024-06-18,483647.39408880926
2024-06-20,481688.2903015952
2024-06-21,480251.25757931697
2024-06-24,477072.7102461125
2024-06-25,480191.502447198
2024-06-26,480615.1244290408
2024-06-27,481859.6567560096
2024-06-28,479699.1151718329
2024-07-01,481423.55801863445
2024-07-02,485056.7437618806
2024-07-03,487808.46117614233
2024-07-05,491311.952620532
2024-07-08,492053.26372327434
2024-07-09,492385.6092133784
2024-07-10,496613.049681492
2024-07-11,489555.10511556524
2024-07-12,492024.6047945706
2024-07-15,493111.77949197876
2024-07-16,494154.882786388
2024-07-17,484353.6129117716
2024-07-18,481872.40717242396
2024-07-19,478559.78312753385
2024-07-22,483827.31617754756
2024-07-23,482653.00839926925
2024-07-24,470057.9955730776
2024-07-25,466536.38682988216
2024-07-26,470708.3226239129
2024-07-29,471239.2953297329
2024-07-30,467082.0351825353
2024-07-31,477364.50343058526
2024-08-01,469137.3530370267
2024-08-02,460487.15676408494
2024-08-05,448474.5375530235
2024-08-06,451514.94534651696
2024-08-07,447943.0560434132
2024-08-08,458837.9489664958
2024-08-09,460925.9652941245
2024-08-12,462091.10372374125
2024-08-13,470357.7601222478
2024-08-14,470731.2629343124
2024-08-15,479600.6973803488
2024-08-16,480778.31230909924
2024-08-19,485382.1013147972
2024-08-20,484663.52036205394
2024-08-21,486199.9898994645
2024-08-22,480524.9288012763
2024-08-23,485244.5488770071
2024-08-26,482579.9105622617
2024-08-27,483442.17334088596
2024-08-28,479459.1326360983
2024-08-29,479329.7301690726
2024-08-30,483375.69621316285
2024-09-03,472462.4004201877
2024-09-04,471462.0429851714
2024-09-05,471251.2914333189
2024-09-06,462071.3179901859
2024-09-09,466816.28436692915
2024-09-10,469662.95617622684
2024-09-11,476457.3806191863
2024-09-12,480161.3412505752
2024-09-13,482064.80897352024
2024-09-16,481174.34941990644
2024-09-17,481324.5274428274
2024-09-18,479730.03281410766
2024-09-19,488653.2983719502
2024-09-20,487844.7485275514
2024-09-23,488871.79567864223
2024-09-24,490502.94281714945
2024-09-25,490319.877200253
2024-09-26,492812.38918986154
2024-09-27,491125.27112930256
2024-09-30,492126.57881579467
2024-10-01,487745.24336006807
2024-10-02,488064.1508848713
2024-10-03,487452.78034957557
2024-10-04,491642.6704477644
2024-10-07,487243.52183745883
2024-10-08,492125.4152321458
2024-10-09,494927.8879221067
2024-10-10,494571.24858526036
2024-10-11,496175.49537415383
2024-10-14,499530.45137232734
2024-10-15,495001.19262147805
2024-10-16,495979.59243636305
2024-10-17,496002.23463383794
2024-10-18,498513.2715347992
2024-10-21,498367.9767906711
2024-10-22,498996.99159619777
2024-10-23,493085.98337059806
2024-10-24,495751.21827569656
2024-10-25,497225.4794850347
2024-10-28,497482.23353818373
2024-10-29,500496.84367054905
2024-10-30,498295.18338934565
2024-10-31,488124.0171027043
2024-11-01,490171.9542871744
2024-11-04,489491.7572503235
2024-11-05,494809.7516115656
2024-11-06,504446.8667561101
2024-11-07,510499.95005574555
2024-11-08,511578.52151885466
2024-11-11,510675.9794422717
2024-11-12,509032.61551752157
2024-11-13,508271.23745991447
2024-11-14,505416.57672108
2024-11-15,496858.1629408867
2024-11-18,499966.18178782077
2024-11-19,502695.6690747926
2024-11-20,502727.3281640412
2024-11-21,504856.9110144262
2024-11-22,506243.4935772277
2024-11-25,506669.0682437593
2024-11-26,508897.8167278774
2024-11-27,506334.83025838283
2024-11-29,510103.22462678177
2024-12-02,513197.50439745694
2024-12-03,514031.61779832985
2024-12-04,518308.4058506925
2024-12-05,517236.057991648
2024-12-06,519880.4591655023
2024-12-09,516855.3424568946
2024-12-10,515361.0878302757
2024-12-11,521371.4352967743
2024-12-12,518691.87854374375
2024-12-13,520631.76701201755
2024-12-16,525161.1090023825
2024-12-17,523195.4694024891
2024-12-18,508217.1191183299
2024-12-19,506960.9152075313
2024-12-20,511240.1074396
2024-12-23,514772.1370818025
2024-12-24,520227.83460271196
2024-12-26,520009.3205452463
2024-12-27,514572.78041922406
2024-12-30,509036.4228036515
2024-12-31,506402.3112014736
2025-01-02,506148.2069448773
2025-01-03,512080.52607805625
2025-01-06,515795.4748572907
2025-01-07,509192.08261326636
2025-01-08,509694.60645988066
2025-01-10,503436.3011138751
2025-01-13,502645.2050464309
2025-01-14,502574.8724807567
2025-01-15,512100.73914115067
2025-01-16,510114.9084365047
2025-01-17,516113.513458971
2025-01-21,519497.04829055286
2025-01-22,523938.9281770851
2025-01-23,525226.128263884
2025-01-24,523266.0010298402
2025-01-27,512676.30260305485
2025-01-28,518346.7326806096
2025-01-29,516921.04237314325
2025-01-30,519473.1546162688
2025-01-31,518175.86005075445
2025-02-03,515277.60772409383
2025-02-04,519787.9796508643
2025-02-05,521841.6714394736
2025-02-06,523701.92211624485
2025-02-07,518769.84878466977
2025-02-10,523921.09660775424
2025-02-11,523244.3302208848
2025-02-12,522546.00614498195
2025-02-13,528530.3099119696
2025-02-14,529114.6942665462
2025-02-18,530918.4042306271
2025-02-19,531545.8166582145
2025-02-20,529470.893923936
2025-02-21,520664.2534365618
2025-02-24,516827.3221375335
2025-02-25,512047.88925588736
2025-02-26,512726.59122109925
2025-02-27,502297.1598790979
2025-02-28,508847.783410108
2025-03-03,500211.6495493895
2025-03-04,497396.14512582566
2025-03-05,502162.9830620339
2025-03-06,491769.0800559918
2025-03-07,494553.75966462353
2025-03-10,479990.8253068302
2025-03-11,478246.81082333333
2025-03-12,481950.2767132963
2025-03-13,475898.3825962332
2025-03-14,485090.627859776
2025-03-17,488128.48920456896
2025-03-18,482344.33489506785
2025-03-19,487677.6273632865
2025-03-20,486363.8963360448
2025-03-21,486895.33389664756
2025-03-24,495148.56429994456
2025-03-25,497073.27582202747
2025-03-26,490351.2621382361
2025-03-27,488779.787101873
2025-03-28,479057.32638213836
2025-03-31,480894.25270592904
2025-04-01,483317.0266955549
2025-04-02,486238.57180471707
2025-04-03,463491.1950714422
2025-04-04,438361.1109506061
2025-04-07,437574.6686989701
2025-04-08,430703.1081512184
2025-04-09,474120.49480757455
2025-04-10,456663.3501503989
2025-04-11,464415.8887068454
2025-04-14,467363.47922894364
2025-04-15,467337.37449813413
2025-04-16,457669.7654742408
2025-04-17,457848.8224532964
2025-04-21,448746.40431436826
2025-04-22,458506.25245282135
2025-04-23,465559.3045870892
2025-04-24,476134.5732755438
2025-04-25,479775.11447657354
2025-04-28,479958.11783107376
2025-04-29,482109.371444099
2025-04-30,481623.392876385
2025-05-01,485354.9097295839
2025-05-02,491257.1981778395
2025-05-05,489453.3269954403
2025-05-06,486609.0045826415
2025-05-07,487903.3801562652
2025-05-08,490978.01826728886
2025-05-09,490814.4651509865
2025-05-12,505700.73075596255
2025-05-13,510743.08597266517
2025-05-14,511673.6913936622
2025-05-15,513339.8138802237
2025-05-16,515240.26862536365
2025-05-19,515849.0022026713
2025-05-20,514795.86971710384
2025-05-21,507902.4828268129
2025-05-22,508261.3767829323
2025-05-23,505270.7348530755
2025-05-27,514675.27184161154
2025-05-28,512305.06314993504
2025-05-29,513729.01540178334
2025-05-30,512838.90245229343
2025-06-02,515837.54535191454
2025-06-03,518844.5356581834
2025-06-04,519484.9217712551
2025-06-05,516587.16905350535
2025-06-06,520916.5304618127
2025-06-09,521417.1108932673
2025-06-10,524130.7852249221
2025-06-11,522671.3999696666
2025-06-12,523953.23523197207
2025-06-13,518556.348670847
2025-06-16,523862.5928660052
2025-06-17,519684.91175563453
2025-06-18,519563.1863052085
2025-06-20,518016.3456534783
2025-06-23,522422.65608442697
2025-06-24,528408.9804750226
2025-06-25,529147.7914786765
2025-06-26,533027.7608473543
2025-06-27,534807.537791698
2025-06-30,537904.0580883196
2025-07-01,535938.7891453953
2025-07-02,539082.6043280325
2025-07-03,542875.6302987151
2025-07-07,539236.5267667474
2025-07-08,538962.3597938089
2025-07-09,542225.4499607508
2025-07-10,542317.5223039604
2025-07-11,541425.203194362
2025-07-14,542388.2672063287
2025-07-15,541553.3524217476
2025-07-16,542587.7971663766
2025-07-17,546062.1097848035
2025-07-18,545747.9246498316
2025-07-21,548031.3540088075
2025-07-22,546883.8471117658
2025-07-23,549109.4508512794
2025-07-24,549527.5535949004
2025-07-25,550501.5303002945
2025-07-28,551309.2563767732
2025-07-29,551038.8038470321
2025-07-30,550496.3643921318
2025-07-31,548292.4040551797
2025-08-01,540084.5598233042
2025-08-04,548048.0974229398
2025-08-05,545016.8989402133
2025-08-06,549614.0296832676
2025-08-07,550676.7908085948
2025-08-08,554639.6337363234
2025-08-11,552984.7588128366
2025-08-12,558219.6295596559
2025-08-13,559142.7268736573
2025-08-14,558683.34669386
2025-08-15,556724.0269351865
2025-08-18,556460.0205727681
2025-08-19,551269.7696157055
2025-08-20,549689.8886172314
2025-08-21,547582.3262450971
2025-08-22,555191.0027496371
2025-08-25,553553.2324033331
2025-08-26,555441.2731248001
2025-08-27,556327.29081307
2025-08-28,559205.8016520415
2025-08-29,554949.2776808472
2025-09-02,551125.9069117954
2025-09-03,554299.7257689191
2025-09-04,558380.2807852948
2025-09-05,558187.5677734064
2025-09-08,559988.7038996944
2025-09-09,561184.1569669499
2025-09-10,561775.3850879101
2025-09-11,564976.1833320931
2025-09-12,566130.3532223916
2025-09-15,569571.2447837396
2025-09-16,569004.2914306663
2025-09-17,568129.9931719729
2025-09-18,571590.5083517953
2025-09-19,574471.3984604421
2025-09-22,577074.636113693
2025-09-23,573996.1755943912
2025-09-24,572292.3485334914
2025-09-25,570081.2242565544
2025-09-26,572332.0607200317
2025-09-29,574175.6350172214
2025-09-30,575799.1834557246
2025-10-01,577907.088033065
2025-10-02,579141.3776559558
2025-10-03,578107.6538867129
2025-10-06,581637.24290561
2025-10-07,579736.6223798045
2025-10-08,584881.5298593661
2025-10-09,583117.9162164987
2025-10-10,567740.5269053058
2025-10-13,577852.6645893046
2025-10-14,575706.1761496554
2025-10-15,579171.1576985547
2025-10-16,577623.1432948611
2025-10-17,579918.5940363291
2025-10-20,587201.9484604659
2025-10-21,584783.1998359351
2025-10-22,581109.1730082043
2025-10-23,584974.9251681889
2025-10-24,589631.3105597363
2025-10-27,596351.9681732992
2025-10-28,598814.5074458028
2025-10-29,599968.5014729373
2025-10-30,593582.4194093246
2025-10-31,595614.5444053141
2025-11-03,597615.574571697
2025-11-04,588216.8182803496
2025-11-05,590943.6388360253
2025-11-06,583221.9693101424
2025-11-07,582650.8615994022
2025-11-10,593504.6521996836
2025-11-11,593485.4253808963
2025-11-12,593612.4748261049
2025-11-13,583426.8953389886
2025-11-14,582901.2913789327
2025-11-17,578089.7444060177
2025-11-18,573264.6877331753
2025-11-19,575527.592866349
2025-11-20,565356.6045624048
2025-11-21,569207.730671132
2025-11-24,580188.7194981797
2025-11-25,583682.7457045227
2025-11-26,588239.7072974752
2025-11-28,592404.415187579
2025-12-01,590413.01810863
2025-12-02,593084.5520783012
2025-12-03,594464.9126868222
2025-12-04,594273.4418340061
2025-12-05,595835.8114414099
2025-12-08,594586.912744057
2025-12-09,594729.2321420073
2025-12-10,597255.3193124502
2025-12-11,596685.1618300822
2025-12-12,588628.6106340253
2025-12-15,586762.7319977706
2025-12-16,586754.2505831973
2025-12-17,578955.4757512615
2025-12-18,584664.7342151577
2025-12-19,590296.9859617015
2025-12-22,592933.607421419
2025-12-23,595214.1653452162
2025-12-24,596756.8746217274
2025-12-26,596659.3205546001
2025-12-29,594405.9953970988
2025-12-30,593398.9099654121
2025-12-31,588804.438249708
2026-01-02,588797.6354911433
2026-01-05,593724.8779646526
2026-01-06,597976.7591698547
2026-01-07,597141.2129034814
2026-01-08,595782.6881815881
2026-01-09,600484.2479650098
2026-01-12,601827.8020114102
2026-01-13,601079.4226576226
2026-01-14,597158.9068036155
2026-01-15,598481.7998477916
2026-01-16,597742.5887537488
2026-01-20,588342.3161412654
2026-01-21,595493.4225143952
2026-01-22,599274.4936742813
2026-01-23,600869.4092158352
2026-01-26,603719.2428230583
2026-01-27,608033.9917453734
2026-01-28,610777.7708797547
2026-01-29,608767.131956334
2026-01-30,600198.1918701932
2026-02-02,603256.7466817142
2026-02-03,596737.5055284838
2026-02-04,590380.8502247339
2026-02-05,583482.7530027718
2026-02-06,593522.6738347313
2026-02-09,596757.2888009704
2026-02-10,594752.8335896229
2026-02-11,595462.4024541205
2026-02-12,586100.7325274587
2026-02-13,586821.7275309106
2026-02-17,586778.8748888402
2026-02-18,589962.0699135418
2026-02-19,588223.9894926801
2026-02-20,592268.3141566284
2026-02-23,586483.5726538821
2026-02-24,591089.3552477041
2026-02-25,597097.4066043115
2026-02-26,592238.4121437956
2026-02-27,590247.71921756
2026-03-02,590701.6160717778
2026-03-03,585649.3424858146
2026-03-04,591550.6755889463
2026-03-05,589463.439635109
2026-03-06,582257.4340892824
2026-03-09,587901.5634659292
2026-03-10,587528.687573122
2026-03-11,587181.9735031056
2026-03-12,578954.1494189443
2026-03-13,576034.174854565
2026-03-16,581267.3498428448
2026-03-17,583178.0167126517
2026-03-18,576209.2110142907
2026-03-19,574742.2712962141
2026-03-20,566468.2422492086
2026-03-23,571752.2843709987
2026-03-24,569051.1310222181
2026-03-25,571982.9483561806
2026-03-26,561492.3007701226
2026-03-27,552588.394094551
2026-03-30,549752.9837274931
2026-03-31,565086.6394832586
2026-04-01,570129.9121498313
2026-04-02,570998.1883007617
2026-04-06,573650.8250544501
2026-04-07,573798.4335169949
2026-04-08,586517.3242484953
2026-04-09,589970.7145160988
2026-04-10,589861.7122424028
2026-04-13,595327.7949930611
2026-04-14,603708.5805942848
2026-04-15,609301.3745018522
2026-04-16,611498.9040449011
2026-04-17,617442.8153170624
2026-04-20,616192.9846614546
2026-04-21,613528.456448758
2026-04-22,621585.4006069689
2026-04-23,619142.3673092856
2026-04-24,626842.81981993
2026-04-27,627322.0209542734
2026-04-28,622859.660937326
2026-04-29,625303.3931887564
2026-04-30,630599.5791757092
2026-05-01,633903.3203329067
2026-05-04,632491.09039985
2026-05-05,638493.5791057069
2026-05-06,647838.8392758833
2026-05-07,646801.261959104
2026-05-08,656491.2597043718
2026-05-11,658901.8063661903
2026-05-12,656339.7820927851
2026-05-13,660518.28791237
2026-05-14,664210.082450546
2026-05-15,655636.194537985
2026-05-18,654236.5928345767
2026-05-19,650436.299770051
2026-05-20,657715.6971782817
2026-05-21,658512.8942623283
2026-05-22,660405.2183925954
2026-05-26,667198.4352654163
2026-05-27,665612.2518922079
2026-05-28,670299.4620147138
2026-05-29,672028.5851621149
2026-06-01,674642.6094448682
2026-06-02,676473.4255345709
2026-06-03,673892.7967288587
2026-06-04,673031.1787313251
2026-06-05,650584.3076396887
2026-06-08,656203.792818933
2026-06-09,651634.6478185508
2026-06-10,641440.1188450361
2026-06-11,656134.4739509365
2026-06-12,659247.0087885798
2026-06-15,673697.9379437472
2026-06-16,665737.5727072177
2026-06-17,659427.6910570977
2026-06-18,670125.0187857001
2026-06-22,668485.6460626177
2026-06-23,653894.2736960644
2026-06-24,652312.3895705348
2026-06-25,655266.7871791078
2026-06-26,648993.0695308837
2026-06-29,660792.3023831581
2026-06-30,668164.5366471497
2026-07-01,662290.1321620304
2026-07-02,656298.5891606206
2026-07-06,663690.0527505756
2026-07-07,656553.5989505963
2026-07-08,657232.4504619427
2026-07-09,664455.6828452246
2026-07-10,666319.6022029697
2026-07-13,658983.8450795738
2026-07-14,663935.2598913331
2026-07-15,663967.1926814235
2026-07-16,656546.7065622105
2026-07-17,650116.6644083422
2026-07-20,650155.8644453102
2026-07-21,658893.2458310963
2026-07-22,657271.6913133261
2026-07-23,648532.5657946987
2026-07-24,644778.7886786155
2026-07-27,642556.712670622
2026-07-28,639245.2333045064
2026-07-29,629864.8711846693
2026-07-30,643722.7396788532
2026-07-31,647299.0598006753
2026-08-03,655484.5637021174
2026-08-04,670223.7266039348
2026-08-05,667237.3988679459
2026-08-06,666079.6136182789
2026-08-07,671609.1684424933
2026-08-10,671882.9375368712
2026-08-11,669984.2909403715
2026-08-12,673319.0110133851
2026-08-13,678328.25723398
2026-08-14,677487.4232102074
2026-08-17,676444.6375354582
2026-08-18,668824.3619821274
2026-08-19,669366.823262837
2026-08-20,665294.9346039505
2026-08-21,667660.4113686557
2026-08-24,663388.7242124532
2026-08-25,665727.4221511696
2026-08-26,666003.662172021
2026-08-27,672535.2540757504
2026-08-28,669418.9079073237
2026-08-31,669333.6889294317
2026-09-01,663898.3278225657
2026-09-02,665729.9765252604
2026-09-03,672152.0355940406
2026-09-04,671772.2147186857
2026-09-08,670525.0081202834
2026-09-09,668949.3400420066
2026-09-10,664479.8001472336
2026-09-11,668881.6330450728
2026-09-14,665043.4514245723
2026-09-15,662393.2922441073
2026-09-16,660980.3029835013
2026-09-17,669536.4171951537
2026-09-18,671728.008369506
2026-09-21,684811.6865490912
2026-09-22,687385.6063773759
2026-09-23,682938.252141044
2026-09-24,682751.2236779373
2026-09-25,684797.601098412
2026-09-28,678596.7488921911
2026-09-29,677436.413442656
